Emotion,clean_text
neutral,tons paintings think better
sadness,yet dog grown old less capable one day gillie come explained great sorrow dog suffered stroke must put
fear,get tube train without paying ticket
fear,last may source considerable disquiet one might first see obviously immoral content could defended part system morality
anger,disliked intimacy showed towards resentful memories shared part felt excluded
sadness,family heard mother cousin lives england wrote us tell cancer lymph glands
joy,finding chosen collect norms chinese aphasia contribute china catching west neuropsychology
anger,spokesperson said glen furious new anarchy promo features footage sid vicious well
neutral,yes
sadness,see people burns feel sad actually even express feelings think must suffer lot
fear,gone hospital research got late reaching home feared reached home would quarrel late
sadness,one day heard friend boy loved gone
joy,connor voice gleeful
anger,funny wrong today secretary supposed talk tone voice know
neutral,perhaps need babies tina gave birth baby boy yesterday
joy,happy way playing accept believes england fly half
fear,leave baby carriage go shopping fear something happen baby
anger,used love someone else love friend janet appreciate much think beautiful fun think dumb uninteresting
anger,wow much thought getting assistant
fear,infiltration lives illusion accept political solutions tyranny
joy,spontaneous picnic sister friend children great
sadness,upon moving away home first time different city felt longer wing parents even though would always help felt sense loss alone world responsible actions
sadness,learnt failed exam influenced emotions also important tasks also made record imperfect
neutral,stop scratching everywhere sneaky little jerks
joy,good morning mary
anger,months ago teaching suddenly became angry children slapped
anger,sister lost favourite jumper party failed tell several days happened
sadness,little cat raised hanged playing garden
anger,stock investors miffed frantic currency markets
sadness,got back felt like black hole groaned disconsolate wilkinson two hour defeat
joy,say hi family
fear,biking felt bad problems heart respiration
fear,whenever alone dark room walk alone street sleep alone room night see something partly visible emotion strong year old child saw something horrible
sadness,india lost benson hedges cricket trophy
fear,got jungle great number snakes
joy,party new year eve met old friend seen time
anger,failed exams
joy,saw person seen long time
joy,look people around know people stupid look stupid
sadness,case unrequited love
anger,work happened fight person charge got angry spoke everything felt moment
sadness,death father even though close
joy,admitted university
joy,saw return morning pleased
anger,missed tram run
sadness,joe biddy became little cheerful discussing possible plans future became miserable
fear,involved car accident last november first fall snow lost control car spun round landed opposite side road hard shoulder stopped pole top bank sloping stream
anger,resentful unforgiving willie morgan taken court terminate lucrative six year contract nine months
anger,may however enough offended partner
fear,saw classmate knocked motorcycle
neutral,make
sadness,someone mentions things like ration books powdered egg air raids stomach turns feel quite depressed
anger,feeling occurred colleague entered university
joy,achieving goal swim meet worked toward goal yrs capable achieving know
sadness,paying attention face might believed deeply shocked anguished expression act put benefit
joy,difficult exam hoped take got high mark present someone something feels glad
anger,look six short weeks put pounds pure muscle
sadness,finding university enough foreign currency buy yournals reference list
joy,sister daughter saw baby first time pane glass looked
joy,deserves film give us lot inspiration
fear,officialpwg pic flood start minutes like wrestling fan photography warned
anger,understand sympathy show biz stars overpaid ambitious adored
neutral,jim
anger,girlfriend guys like made fuss girl
neutral,easy
joy,also said delight nonconformists read memoirs watson tour far successful matthew arnold
neutral,exactly
neutral,must locked
joy,ms yang speak good english
fear,walking along passage room near anatomy laboratory heard something felt thing behind looked back one started imagining maybe corpse
anger,faced feeling realized admitted institute first classifying spite high mark got entrance examination
neutral,irritable understand program
fear,sorry live need man leader royalty king already selah
neutral,course
fear,met elephant bush
neutral,try knowing margaret see immediately
anger,unscrew something car succeed two afternoons trying feeling anger built
sadness,sad shouted uncle told given school fees go work garden since gone escort sister bus depot
joy,tell next monday
fear,way home suddenly gule wamkulu came bush blocked road fear know
sadness,one best friends commited siucide holidays
neutral,next week
neutral,tall one sure drive works lily
anger,partner without discussing situation decided time us break went ahead arranged life next months told day happen tolerant friendly preceding week
sadness,doctor slipped fell way school ground slippery snow seems move left arm
joy,brother born
joy,celebration sexuality found works sidur neizvestny others stemmed partly mischievous delight taunting society taboos
anger,bit extremely annoyed phone promised would liar
joy,fantastic want come back
sadness,inevitably become despondent fearing never work
fear,know saw first time tuesday cafe noticed looking lot usual looking staring kept staring stop
anger,want money back delivery
anger,get angry someone imputes things never naturally negative servility connections impudence traits get mad
anger,recall thinking home soon mother would angry missing supper
anger,heard radio football match belgium ended catastrophe several people died could understand normal people could behave way
fear,playing hardest byzpo radio show session tune listen enjoy
joy,term paper evaluated
sadness,told friend wife cancer
sadness,dog died
sadness,long time since anyone cared tonight cared ana asked softly hand coming tilt downcast face
joy,party friends new year eve
joy,think thanks info
fear,got lost florence coach turn midnight place go strange reports police station
anger,person privileged account situations unjust disloyal colleagues friends
fear,weeks back daughter high fever scared might lead brain damage convulsions
sadness,selected rest foreign ballet money
fear,remembered horror said tell virgin heart closed like wounded animal
anger,expect working three years never given holiday feel well today terrible headache mood gentle polite stand problem going change think suits best
sadness,boyfriend changing behavior something wrong felt sad desagreable relationship ending
anger,fed jack weak dealing people always eats dirt
sadness,little troublesome
anger,want indignant boyfriend doorstep breathing fire
neutral,definitely
sadness,heard friend started drinking beer
fear,father away home come back expected came back several hours later expected
neutral,know whether hit solid striped one
anger,wanted go friend mine party moment wanted leave father said go needed work afternoon
fear,strictly avoid frightening ideas
joy,riding home school completing two midterms two days feeling well
anger,still sounded mad thought might try dissuade
fear,afraid tomorrow seen yesterday love today less
fear,felt afraid receiving question paper part ii exam
joy,happpy get good results field academics athletics
sadness,felt sad depressed heard cat died
fear,turned saw waiter bearing anxious look face
anger,works
fear,finding health condition may attending university lectures
sadness,best friend relatively severe illness sad suffering
joy,good way think
anger,found someone knew well misunderstanding years
anger,believe excuse used twice within week
neutral,hi bill saw grandma yesterday
sadness,hearing friend back home stomach pumped overdosed pills
sadness,lee sharpe last night relived anguish discovering disease feared could end career kill
sadness,talking pensioned bitter street order policeman
neutral,wow
neutral,thomestifanos security juicy business
neutral,see
anger,people would tell ex girlfriend playing around
sadness,desolate chip
anger,peter says poles furious wanted show prostitutes hotel bar claiming never
sadness,pity arrange another time hopefully
fear,duke game going give panic attack even started holldoll
anger,quarrelled brothers twins home saturday one studies private school one repeating form five know follow every word teachers books systems always try rationalize bad acts game satisfied awkward life tried persuade often failed time fight voluntary spirit polish floor
joy,yeah incredible work qi bakshi
sadness,grandmother living us years stroke left paralysed one side quite close family see suffer way makes feel really sad
anger,landlord selected new lodger used done made angry
neutral,well like playing violin
sadness,left company someone gave lot support made laugh found alone days end
joy,wow get see city
anger,angry person behaved terribly ball offending relatives
joy,modigliani delighted atmosphere warmth sincerity resumed friendship soutine
neutral,feeling
fear,gonna hurt
sadness,kind solution nearly go crazy
fear,started like frightened cat looked wide eyed
sadness,woman know slowly dying cancer observing process makes sad
joy,felt happy football pools
anger,father phoned come home vacation since longer time look garden animals
fear,drove stockholm first time drove stora hissingen road wrong exit
sadness,oh terrible bad luck wish never come country strikes revolutionaries earthquakes operations finished
joy,achieved goal indirectly work cal football nd win season gratifying brought joy hard work involved fact one expected would win
joy,received beautiful birthday gift form parents
anger,hate
joy,vacations one day lecture occured buy rose mother went together pub mother told would getting married next spring known glad
neutral,goodbye
joy,away long time friend told passed written examinations
neutral,please excuse really going
sadness,best friend promised come house prepare many expensive things learn last would turn
anger,still attended school brother usually went see aunt show term report rewarded us money although reports good brother got money
neutral,come dressed anything sixties
neutral,oh never speak spanish class miss parker speaks us english
neutral,moved
fear,one evening stayed home alone lived ground floor often afraid burglers
joy,look happy anna good news
joy,good place let get
anger,sister stole mother money made angry mother would beat unreasonable reasons one day sister lent book friend without telling mother mother learnt beat even threatened pair scissors
anger,spell bound sound french infuriated read books given
anger,know ankle deep water trying get car day handyman definitely work cut
anger,course thought deserved good marks got ordinary marks justification given marks
joy,forsythia also called winter jasmine symbol spring arrival
fear,felt fear car travelled directed towards precipice along road
sadness,unfortunately missed chance see classic movie
neutral,much worth
sadness,yes nothing inside drawers desk
neutral,telling us lie
anger,boyfriend sat half night playing computer games friend
joy,happy got message accepted student medicine
sadness,months close relative mine died never expected happen sad months
joy,ask question time
joy,first nephew looks lot like mum
neutral,come
sadness,become depressed exams concentrate work
sadness,certainly sound serious enough account great grief
neutral,study radio
sadness,years ago fell love first time natural every school girl day dreaming later years left one blame felt deep sadness even remember quite often
anger,office application made turned scrupulous interpretation rules
joy,favorite flower
sadness,desperately sad scheme come fruition glad someone take bring jobs area
fear,exam
sadness,tried level best care client took appointment doctor meeting doctor expired poor small boy uttar pradesh
sadness,told father passed away
neutral,would put whole matter table
anger,disagreements mother moved kankaanpss promised help move broke promise hindrance
fear,tonyreilly attending today due severe shame hangover send best wishes though love bubbles
joy,look tan healthy
fear,nicolescherzy nicosherzinger xa xa add three things symptom called nervoso xa xa wanna learn
sadness,dissertation put somewhere last night find
fear,sitting alone quiet room concetrating things happening around thoughts come mind make afraid
joy,went swimming happy cried sea three quarters hour
anger,door bell work sink leaking
fear,crossing street several ways cars began move thought going trampled
neutral,yeah something forever use indelible ink removed laser treatment top heard hurts lot
anger,forced call telephone company bill concerning disconnected phone belonging landlord bill four months overdue meanwhile using phone seemed intention phone reconnected
anger,oh fault warned time would much worse
sadness,last day school life sad specially farewell party day felt sad leave behind beloved teachers friends
fear,impregnated certain girl thought would forced marry go court
joy,watching asian olympic game china winning
fear,john father came cheltenham see grieving concerned future
neutral,hi
anger,promised us sea view
sadness,loss good friend
joy,came across old friend seen long time
sadness,oh terribly sorry find yoghurt saw last time
neutral,begin nine clock sharp
joy,always meet person love
sadness,following considerable despondency amongst committee seemed little hope future
sadness,child dog getting disease dying
neutral,thank god showed insane think call police
joy,successfully passed exam happy
joy,shot decisive goal ice hockey match
sadness,grandparents moved another part town
anger,honest bit fed
neutral,wonder
sadness,christmas eve tension parents even try restore harmonic atmosphere mother stayed room almost whole day felt alone sad
neutral,like spare time
sadness,friend told suffered love academics shared sadness
joy,passing exam expect pass
anger,incensed whisper called names understand
anger,mother lisa cross felt ought settle
fear,girls exchanged nervous glances thinking must miss hardbroom come reprimand bed
anger,going crazy
fear,says weakness think something normal humans gods scared make mistakes experience grow
sadness,treatment become pregnant negative result
joy,suddenly relief telephone rang joanna picked wrote message came back table looking elated
neutral,ha like ever one beat around bush
joy,thank
anger,waiting receive participation profits receive
anger,ridiculous taiwan much easier get medicine need
anger,stop picking going mad
joy,got present great friend dog
fear,one night walking along park began think roughnecks would appear suddenly knives things like
fear,walking dark thinking ghost stories
anger,hint exasperation voice
neutral,eleven
fear,care others concerned country future
sadness,look back wawsn big deal lost temper
sadness,time went home holidays find sister passed away news hidden could take exams
anger,seemed exasperated though well control
joy,seen finished copy delighted encouraged susan write said mrs major
joy,great idea peter could use drink
sadness,longer term offspring depressed mothers likely suffer childhood depression
neutral,phone
sadness,close friend travelled another country knew would come back many years felt sad
anger,regretting let become riled delved bag came bar soap
neutral,think yes get along well
joy,got thank shirley
neutral,follow
joy,vitor went hunkers much child glee spent minute two admiring toy
anger,gone home week end came back found clothes bedding stolen
joy,exhilarated heard ornette coleman improvising free jazz plastic saxophone club
sadness,th january received message home telling father passed away previous day history cancer oesophagus time third year secondary school
fear,rainy day cycling downhill car door suddenly opened trying avoid back wheels bike got caught tram tracks somersaulted injuries
anger,got feeling housekeeping boyfriend anything happened period exams study hard
neutral,parents usually give children freedom country sometimes give much freedom
joy,amazing sun almost gone yet still color everywhere
sadness,mistake
joy,also due barbaric delight high sounding verbiage probably powerful reason use
sadness,grief stricken widow destroyed cricket clothes equipment
joy,guys anything special
fear,aston villa great run hold particular horrors norwich players
fear,give speech historical event audiece people age know
fear,tix tonight officialpwg fucking ride fuck fuck fuck fuck fuck fuck fuck fuck fuck fuck fuck fuck fuck fuck fuck fuck
fear,said nothing lying deathly afraid grown straight men uncomfortably high voices whydoyousoundlikethat
fear,week entered army selected days pass hours day waiting answer last worst fear convoked hearing fated phrase constant
fear,afraid tomorrow seen yesterday love today less
joy,saw family separation one year
joy,poor things life say simultaneously thrilled appalled pore latest revelations mail express
joy,meeting best friend airport boyfriend missed terribly
neutral,contrary exciting
fear,go season needs word happen
joy,nice tie wearing
anger,tired always wearing clothing
joy,winning queensland chess championship
fear,confronted outside party nasty character gesturing car full mean acting friends felt danger
fear,question live world love
sadness,felt sad left home could stand longer regret missed little sister much missed feelings wear time
sadness,grandmother died stronger relation mother
joy,married life
neutral,thanks
fear,floyd patterson expressed dismay current treatment
sadness,terrible
sadness,friend mine psychiatric problems mother death ages ago really quiet relates back childhood feel sadness lead normal life seems unfair
anger,damn muttered exasperation
sadness,miserable cold although prepared admit miserable prepared admit misery connection cold
sadness,worrying may lost
anger,heard provided another pair medical uniform
anger,disgust
neutral,oh
anger,could reason friend angered
sadness,got message child feeling well
joy,first came campus
joy,felt joyful boyfriend met station first said would
fear,oh god happened dying
joy,merry christmas bill
fear,water level rising near home flooding
sadness,since many parents miserable separated offspring would struggle pay money misery finally decided home
neutral,talking let see horoscopes
sadness,geographical moves found third important list ten precipitants concentrated month onset depressive symptoms forty consecutive clinically depressed patients
joy,party worries tests homework etc many friends present good music
neutral,mean got working experience right
sadness,find policeman
sadness,know happened lost
fear,sleeping heard neighbours screaming peeped window saw thief trying enter neighbour house
joy,like former fob felt joy received telegram offering new one though better waiting
sadness,quite succeed breast feeding baby
neutral,sorry far museum
sadness,cat died illness us years lovely cat ill one two weeks veterinary surgeon told us dying
sadness,close friend victoria visited holidays enjoyed company immensely short days overwhelmed sadness left return victoria
anger,another patron tried step enraged lover flew
fear,got caught shoplifting package gummy bears
sadness,despondent told
fear,walking friday night nijmegen going pub disco
anger,received poor grade midterm even though got right answers knew material went ta try raise grade
neutral,heard prison
joy,pretty say beautiful rather imagine thing nearer perfect beauty altogether face figure
sadness,meetings back back morning phone rang hook minute walked office
fear,cousin loved much unfortunately passed away suddenly one time dream talking yet dead
sadness,done lot reading comprehension exercises also spend much time memorizing english words
fear,back busy day didnt get watch match realize hope recorded
joy,apparently skipper landed felt extremely pleased threw enormous buck twist
anger,anger boyfriend best friend alienating blaming personality changes boyfriend changes boyfriend attitude obvious egoistical attitude also lost one best friends girlfriend
anger,saw people beating man seemed stranger
joy,would like compliment diligence
fear,mr hamilton said deeply concerned told shall ask immediate steps taken normal decencies observed
neutral,say much modern people imagine
sadness,remember sad whe aunt child died days old
anger,see
neutral,said lovely day go walk
sadness,told friend mine going mexico good
fear,brave enough ta born da world none
sadness,sister lost one twin sons first nephews older one died week later
neutral,yes sars epidemic effective control yet better risk
fear,would right afraid let stop
anger,learnt younger sister expelled secondary school pregnant second time happened family first time elder sister
anger,stand sick drinking
fear,gone boxing tournament ended clock morning alone way back could hear barking dogs nocturnal animals sound footsteps rumour circulating ghosts area
neutral,later
fear,hello help computer oh man
anger,friends left without waiting arranged go together
sadness,woke nightmare
fear,afraid academic results face several problems scared limitations unlimited problems know cope
anger,heating controls work anymore always feels like degrees car even summer
joy,got unexpected letter guy school mate
sadness,really wish done
sadness,knew sister law finacial situation facing
sadness,girlfriend left house lived together months ago made sad
neutral,ok hello
anger,accused falling love someone girlfriend true girl friend mine
sadness,finding china poor cannot good reference books
joy,days quite happy travelling trolley
neutral,right explain later scram
sadness,squeezed like despondent sardines looked huddling warmth
joy,boyfriend suffered form ill health months week physician told restored health
sadness,hey cindy sorry yesterday yelled front everyone
fear,ahhhh worried dentist put long
sadness,nah boring gonna go play killer zombies playstation
joy,felt extreme joy day baptized one god
neutral,agree commercials tv
joy,happy baby sometimes used cry nothing easily upset
neutral,right bought day came market
anger,smile patient peeved sad
fear,swift connection cosmetics prostitution carefully assembled exterior often conceals physical horror moral contamination
sadness,one closest friends died unexpectantly
neutral,uh yes
anger,enraged animal charged christopher rogers pinning ground
fear,afraid walk forest one day dropped bus around pm
neutral,oh ari mean pay invited go tonight let go dutch pay way insist
neutral,colorado
anger,house hunting another person got flat would liked heaped floot words letter
neutral,everyone school
neutral,ah
sadness,owner mean heartbreak loss family pet
anger,robyn leant door office found experiencing old familiar surge deep annoyance
anger,one teacher used get mad would throw slates around whole class ducking way
anger,reached bus stop realized forgotten bus pass
sadness,felt sad friend mine failed final exam could accepted institution learning
sadness,see oh wait sorry slacks sale
joy,told everyone last lecture lectures english everybody come english classes
joy,let hope stroke good luck lasts hope financial difficulties good
neutral,frightened must joking
joy,got young dog
fear,miss geng clan bila la aku bole join korang
joy,felt glad took rather difficult organic chemistry examination
joy,sounds good food fantastic
sadness,sorry
joy,ecstatic fans filled stadia night scream girly instantly dubbed mighty minogue
anger,angry brother making fun teasing
anger,stranger district coming brow hill would stopped astonished perhaps little peeved see ploughman lane lying beneath
anger,member religious sect tried convert using really evil tricks persuade left anxious angry long time event alone
sadness,possible sad babies becoming children yet accept fact
sadness,sister impolite father family lunch together restaurant thought parents prejudiced extreme thought
neutral,right rude lunch
sadness,oh sorry notice sorry
fear,night watching airplanes cud enjoy getting much enjoy watching fly across sky
joy,make three cups comes harry
anger,great really mad william mean kind idiot able appreciate smart beautiful woman like anybody would friends guy really dumb
fear,think chicken pox contagious get away breathe
joy,last days trail however became much happier take risks although babies remained unkissed
fear,result breaking indicator light mentioned guilt
fear,motor accident frong seat passenger spit blood
anger,teacher though pretending highly cultivated teacher man slapped classmate mine face quite undeservedly
joy,admitted chinese universiity
joy,received accredited totally unexpecting happy
anger,father told careful try seek admission places also apart faculty social sciences university helsinki interested place time study entrance exams
sadness,friend pregnant lost child second month went see hospital crying felt sorry
sadness,sorry speed limit
fear,almost ran small boy suddenly front car
sadness,failed first entrance exam
fear,rules laws made people frightened losing property sort people frightened mugged night
anger,someone told good english class
joy,nice day go outing
anger,angry one day went see girlfriend talked could answer back depressed reasons known
anger,important basket ball match lot stake played badly
sadness,power cut made unable listen songs sung favourite pop star
anger,brother continually interupting talking telephone
fear,sachalan free expression revolution
anger,punished leader
joy,received promotion letter
sadness,grandmother passed away
fear,crossed street nearly trampled car
sadness,already idea
joy,fine actually mexico china business trip visiting local companies manufacture bathroom products
neutral,see trying think could improve
joy,first prize cross country race
joy,succeded establishing contact girl girlfriend
sadness,one time particular go sleep whenever feel tired
anger,faint annoyance began show major tzann face
neutral,fine
anger,school write essay something wrong wrote essay mistreated got saturday morning detention along kids show
anger,absolutely refuse thirteen people dinner friday
fear,imagine horror
sadness,rather afraid well
anger,heated argument lover whose intention marry near future rejected started cry stopped crying moment said got
joy,marriage received sc results post happy learn got good marks first class
joy,sounds good
joy,hello penny moved
anger,ur really let
neutral,jog
anger,argument among friends opinions way spend spare time disapproved
sadness,learned former boyfriend become engaged although glad found wanted sad personal loss since always hoped might one day reconcile
sadness,little sister graduation high school grandmother became sick passed away months later
neutral,oh shame really hard working
joy,naturally got discharged second birthday
joy,received letter university telling application accepted
fear,man freaking gotta help
joy,one night friend place realized everything wished around
neutral,dream
sadness,sorry university computer center sells macintosh equipment
anger,shaw however worked exasperation weekend winning durham cleveland county veterans title
joy,autumn also nice washington
sadness,love problems
anger,find fair
neutral,tell
joy,getting university entrance accredited arriving home boarding school accrediting leave
neutral,really like straight legs
joy,good idea let see get people plan much business days anyway think many people interested
neutral,work
anger,oh shut fault kept quite would never happened
neutral,buy look particularly interesting buy regularly
joy,like thai food see much bangkok
sadness,alone home new year eve
sadness,elder sister died
neutral,believe
sadness,well mr brooks sorry delay everything completed time get back
joy,delighted jim apprehensive jasper alice lay long time awake silent room
anger,dare say prize juries might peeved judgment queried
anger,discovered people trusted talking behind back
joy,advertisements appeared novoye russkoye weekend causing buzz excitement soviet expatriate enclave brighton beach also known little odessa
anger,agreed go mall still look things market
sadness,holiday met friend tried commit suicide left hospital lips trembling looked miserable
neutral,absolutely
sadness,oh sorry
fear,little hesitant apply deodorant ever
anger,realized far behind others language course could longer catch others
joy,passed exams
joy,simple laughing islanders subsequently worshipped god much amusement sophisticated neighbours
neutral,popular game america
anger,take materials back please
anger,argument mother criticized rules imposes home rigid arbitrary
sadness,feel itchy stand anymore think may coming something feel lightheaded weak
fear,christmas eve finished exams afraid results one major subjects unsatisfactory thought chance passing even failed subject would need repeat however liked subject much results bad lazyness forced change minor subject would unwilling
sadness,hard time sleeping lately
neutral,ok
sadness,storm blew roof away
sadness,loss person loved much
fear,witnessed bus accident bus full passengers nearly overturned road
sadness,quarrel good friend fact pay visit expected come hereafter sad became real quarrel
sadness,thing made friends relatives sad happened
anger,breath furious note even panting struggled free glared
neutral,pardon
neutral,try
neutral,oh see
joy,felt elated frightened
anger,many youngsters feel resentful society kicking
neutral,live without job future
neutral,yes wondering roommate planning coming place
neutral,missed classes need make sure come school regular basis
sadness,definitely really sorry
joy,quarrel fianct admitted fault everything allright first time surprised coffee cake bunch flowers
sadness,getting know uncle america brain tumor
joy,old boyfriend yes one asked good time asked following week actually took interest
joy,even telephoned wexford tell elation subsiding somewhat heard chief inspector also found three hours
fear,curious went spiritism session friend already times many times younger day even believe spiritism terribly afraid something would happen sort incorporation
joy,delighted gained complete attention lori squirmed seat
joy,boyfriend experience something nice made nice walk together
fear,real sense word experienced fear first months army first night duty cause bear became panic sticken may first time even forgot gun
neutral,come
sadness,made decision yet
joy,made dinner friends appreciated much
neutral,five
joy,last night
fear,young woman stared back like frightened rabbit
neutral,much
neutral,bad
neutral,try
anger,fine start drinking home cooked meals low fat happy
sadness,close friend decided stop study go back home
joy,really pleased came back found fighting fit even though still using one wing crutch support crooked leg
sadness,failed subject despite fact studied quite lot
sadness,certain person respect esteem lot pays attention keeps appearances shows almost interest
anger,sure
sadness,sorry little trouble understanding accent
neutral,course dinner still
fear,frightened death
joy,time sister first baby happy joyous stayed two days marriage child
anger,enough
fear,individuals become excessively nervous visiting vet example good idea begin visits early dog life
neutral,want black white coffee
fear,particularly concerned increase incidents involving youngsters especially girls said founder regina dollar
joy,felt joy admitted higher agricultural institute
joy,elizabeth face lit told martha excitement clothes sent tamar
fear,one day busy day dreaming along road suddenly heard sound jamming car braked behind woke dreams crash
anger,gazza blazing mad training ground discussion misinterpreted bust
joy,seen house
anger,wish knew moved flower pots
sadness,gloom hand sees noisy grimy city crowded underground stations overpriced restaurants jostling strangers mournful faces
fear,afraid would fail examination
sadness,sorry hear wrong
fear,thinking death
neutral,feeling today
joy,friend came tell father invited go holiday benidorm otherwise could afford go holiday
anger,close friend failed live expectations thereby causing pain spouse believe anger probably reaction fear able live expectations
fear,jillscott love ultimate adult weapon haha
sadness,heard women depressed spend th birthday incommunicado mini nervous breakdown bed
neutral,guess
joy,friend mine abroad undertook recently axam enter university dallas approved
sadness,went see dead body uncle dramatic expreience first time entered mortuary
joy,washed floor thorough pleased done
sadness,hot sunny water looked cool inviting maggie felt quite downcast swimsuit
neutral,thank
neutral,think find possibility romance within first second meeting someone called love first sight
joy,elation took clothes back kitchen leave phoebe scrawled memo front door
joy,good work nice
anger,someone borrowed textbook deliberately return
sadness,worried sick might leave one day
sadness,turn sir sorry wait saturday busy day us
fear,confronted policeman one night around clock afraid threatened take girl gallows
joy,accepted student
neutral,absolutely
anger,summer workplace person kept interfering tasks making unfounded remarks felt hatred stopped realized longed attention
anger,friend told would better familiar terms another friend although opinion reason say things said hoping would search support however necessary
fear,awakened dream middle night dreamt stranger house
anger,one close friends saying like way nice people know nasty
neutral,sir
sadness,tonight bed realised bad relationship friend
sadness,oh bad news
fear,get scared moment see needle could stand needles body hours end
fear,work day care centre one day children outdoors four year old boy disappeared yard looking manager responsible
neutral,zina talk something personal
fear,feeling thoroughly disquieted left room rush
anger,accused brother stolen kwatcha note mother bag beaten money found later
neutral,answer
neutral,day go
sadness,well really worried grades think course would stressful
fear,come quickly
anger,throw street
joy,yeah bad seat place
sadness,know else willing work hard sometimes make mistakes boss happy
fear,sumtimes fear jobless school gives creeps undergraduate
fear,holiday walking back staying night two men started closely following nobody around could run
joy,ok mum invite friends home
anger,yes hurry
neutral,spring
fear,nervous laugh topical sally provided zola trial
anger,heated discussion spouse concerning new house
neutral,dad taping windows
anger,situation happened friend john ate banana kept cupboard
sadness,boyfriend asked forget would easy
sadness,sorry janet left home bring back morning
sadness,pounds passport bag really worry
joy,received letter acceptance cal
sadness,afterwards tommy disappeared maudie seemed heartbroken began wonder
neutral,crazy
joy,good dinner national day
neutral,sure name film know romantic one
neutral,get
joy,feel excited come something jack help always ready hear
fear,involved car accident thumb caught glove compartment sister fear finally telling parents since sister driver
fear,oh god awesome play love scene
sadness,felt lonely dissatisfied realised could feel jealous women boyfriend
joy,got first class twelveth standard exams surprised happy good time friends
sadness,really sad nobody wants like done
sadness,receiving grade paper mentioned fear
joy,passed driving test three failures
sadness,sorry jim
sadness,sorry
neutral,hi mary look pale today matter
fear,minutes till pizza express pizza cooked
anger,hate see abuse animals
anger,angry day teacher told sweep orange peels friends supposed sweep teacher told
joy,love stir fry crispy bitesize vegetables covered mixture soy sauce oyster sauce wilted greens fresh bean sprouts throw onion garlic ginger mmm mmm almost lunchtime would die plate stir fry right
sadness,parents sister went trip separated three months
neutral,nice see please give regards mrs robbins
fear,crossing road overcome fear
sadness,felt sad saw first list names people entered university name
joy,nephew born birth hard big baby
neutral,ok
fear,driving fast small road met oncoming car right handed bend driver side road skid avoid collision dark
fear,physically assaulted sexually abused year ago feeling might get away intact even alive produced fear
fear,dismay german suppliers mr lopez also eager share advice foreign competitors
anger,monthe ago brother wife told bad manners make matters worse let use telephone allowed people tribe
fear,nervous oral test
neutral,good game
joy,problems start becomes excited frisky usual
fear,strategy factor option
sadness,mother death
sadness,despondent needy ever
sadness,sorry sold right please come back next week
joy,favourite football team made goal win cup england
fear,continous fear nuclear war
anger,stay away
fear,grandmother die effect night read book bed perfect darkness fear arose may suddenly die
joy,one evening group friends talk trustful joyful atmosphere
joy,sure button press shoot
joy,eating biscuits drinking milo chocolate energy drink made milk usually drunk warm friend college get really well withold feelings friends pretty good cheering homesick
fear,afraid met uncle time boyfriend thought going given pocket money
sadness,grandmother died
anger,family discussion future prospects student accused bothering looking job assume financial situation
sadness,really sorry let make somehow
sadness,feel way
neutral,finish writing minute
anger,told truth
joy,contented workers likely profitable
sadness,sister hospital later evening received information died
sadness,sorry disturb early
sadness,fact said helen feeling particularly glum
anger,someone drove car denied happened
joy,stage sunderland good value lead mr crosby must contented man
fear,important sports events
anger,began feel exasperated
neutral,yes
sadness,living working conditions home unbearable used live three room flat together two families discords caused change one families moved family stayed us drifted away fianct fact two families flat found alone struggle life fiancedid stay next grief sorrow took large proportions wanted commit suicide instead threw cause irritation
sadness,father gave money brother
joy,lot probably got moonlight rest life worth come get let take drive
fear,expecting extremely important phonecall minute terror opportunity
sadness,know hear right know please calm anyway wanna part drop tomorrow
fear,year intend drive snow especially motorway respect mother nature
fear,found problem homework would get solved although tried best
sadness,suffered heartbreak losing three children premature births
sadness,sister lost son sixteen years old felt bad first death family learned slowly understand life
neutral,wanted said box still plastic wrap store opened people believe new
sadness,miserable giggle wondered fiances postured lawn
sadness,selected go university malawi felt sad
fear,since war cia alarmed left wing british governments many whose politicians regards friends moscow
fear,lost wallet travelling since belonged group afraid
joy,felt thrilled back abyssinia stared entranced arid landscape danakil desert
fear,friend involved car accident
anger,cassmate laughed scolded teacher
fear,fear loss close friend result behavior
fear,found father lung cancer know long would live
joy,learnt newspaper accepted chinese university clock morning later told family relatives tea joyfully
fear,someone knocked door alone home though door bell looked peep hole covered called sister could help hundreds kilometres away
anger,hearing rumours allowing people room said sentence really shot heart failed find right words instead walked away without uttering word
neutral,bye
joy,found best friend chosen english lectures
anger,seem getting anywhere damn machine said exasperation
joy,oh good could come around six thirty seven clock would give us time chat whit glass wine dinner
neutral,starts
sadness,sorry sir
sadness,girlfriend nephew passed away
sadness,oh broke vase accidentally
fear,hitch hiking went man drived like madman
fear,call police definitely following
anger,also aroused protestant anger dr runcie time become involved row attack pharisees british society
neutral,sounds good let go
sadness,oh sir lost passport
fear,two guys fighting murderously feared one would killed
fear,feared dog eye infected much played around weeds foxtail gotten eyelid took vet feared may go blind foxtail
fear,important exam
neutral,day
sadness,finished relation four years leading much sorrow one although best solution
fear,concerned courts lenient
anger,father began say incoherant things concerning brother behaviour towards biased authoritarian ridiculous point view made us angry
neutral,hehe sure
neutral,bet
sadness,heard sister got bad car accident
neutral,like
sadness,sorry usually policy
fear,sister still born child emotionally deep took long time recover
anger,person ignored advice pay attention saying acted though even group work everybody right speak yet ignored made feel insignificant
sadness,bert lanky lugubrious individual declined
fear,tug one glimpse girl horror mouth eyes opened wide
neutral,okay
neutral,oh sure
joy,friend said joan thrilled katy found nice chap
neutral,yes think pitied rather accused
anger,smells like ashtray
fear,awesome time teamoneill fighting fear premiere last night leicester square check hd trailer facebook page
anger,earth heart thumping body drowning wave heat could stay angry
neutral,sixties party
sadness,taking walk young man came nowhere snatched bag hands ran away
fear,going long long day work also looking forward photos last night
anger,want
sadness,decided longer girl liked quite lot made feel low time
neutral,well last week invited dinner husband problem food listened would seem like fed old meat rotten vegetables nothing please
neutral,still waiting call
sadness,sorry buy ticket next counter
fear,je ferais bien mon shopping coiffure pour le prochain grand webze mais rien qui branche surtout pas sylvie tellier en tout cas
neutral,yup
fear,walked past asian girl grabs bf arm know races even afraid boss scandalous
anger,rights
sadness,close relative odds powerful firm things taken dad died little event gathhered children vowed give good life new start words hollow bit back tears asked excused went cried loo
joy,interesting ms parker
anger,lenin furious learned
fear,told told tell felt butterflies
sadness,several years ago mother died ill long time nevertheless death came unexpectedly still want believe true
neutral,certainly
fear,phew wait minute crash spyware trojans
sadness,sorry bob told coming would kept tonight free tell
neutral,yes course nice see
sadness,julie devastated husband tim last night preparing fly home northampton identify wife body
neutral,toilet work properly water run shower
joy,ex colleague asked interested working accounts bureau needed clever people immediately thought
anger,oh god cheated
sadness,sorry already gone paycheck week
neutral,well think personal development much important simply superior living environment
sadness,maybe tonight know know tell
sadness,losing pet chick family put chick outside days one morning gone
sadness,time perhaps would make efforts conceal resentment ability make feel guilty would make efforts conceal anguish loss
sadness,afraid quite understand
joy,passed grade exam
sadness,realized could communicate properly closest friend
fear,every time went home school report
joy,happy understood girl liked love
sadness,death relative
anger,british however remained suspicious american motives resentful advice
neutral,oh
anger,oh god save
joy,looking dead man wycliffe felt guilty experiencing sense mild elation
neutral,meek lamb never goes anyone anything good gold know
joy,within next months long next election settle questions see spectre winter discontent raised haunt gleeful conservative politicians
neutral,hey guys
fear,getting agitated
neutral,explain feelings
fear,call someone make appointment conversation afraid fail
sadness,loss mother
joy,gave birth son saw alive managed well born month early malfunctioning lung happened year ago
anger,boyfriend told double crossing certain boy
sadness,spent weekend san diego visiting boyfriend rob airport plane leave saying goodbye boarded plane hardest thing sad trip home
fear,keep saying muslim hell fire
joy,let get soft drink
anger,friend unpunctual wanted prepare examination
joy,happy passed first class marks
neutral,yes think science making us wiser think
sadness,morning sleep feeling someboby attacking started crying sleep room mate woke
neutral,use stairs never elevator
fear,ex quadruple hoe sumbodi need gne stop playin lil scary da loudest dog da pound keep tail tucked ass
fear,dark night felt several people near know
anger,certain area party secretary came home morning said leave home build somewhere reason wanted establish market chairman knew nothing angry
anger,sexually assulted bus
fear,age gone see film nearby village kms home started walking bus cross hills dark could identify path half way started raining shelter ran four kms reach home
sadness,dog died reared nearly three years ill several days eaten anything one morning found dead
anger,mistakenly accused thief accidently gave fake coin counter realized handed coin man called thief called witness
joy,sensed feeling passed successfully second tour competition
sadness,looking forward performance month
joy,thank think bother
joy,sounds nice
joy,hi mary long time see
sadness,kirkwood particularly dejected figure monday decisive defeat canada injected pride back irish ranks dying seconds flicked home winner
anger,sister came back home reproached tidied house although working morning done nothing
neutral,oh new everyday
fear,passing car bridge one car could pass precipice sides protection grilles bridge completely muddled
neutral,olympus
anger,incensed stunned action stood rigid anger felt slime roll cheek
joy,hi mr wang feel like going boating
fear,passenger jumbo jet accelerating runway almost point take pilot suddenly braked put engines reverse thrust obviously urgent attempt stop aircraft hostesses show signs concern first thought something runway path danger hitting
sadness,miserable left
anger,school room audiovisual classes watching film behind two classmates bothering mocking shoves reacted angrily suppose hitting one
sadness,missed chance becoming graduate mining engineering prayed one week church even selected
sadness,break someone really liked
sadness,yes plan except make chicken soup right think could swallow spoonful
joy,son born
anger,relative come place created untidyness dirtyness
fear,bus drove right leg event frightening wait emergency ward three hours leg began swell frightened
sadness,told barbara afterwards never felt depressed
anger,yesterday read newspaper year old woman abused month old son caused death angry reading human act abuse fragile life forgivable sin
fear,neighbour girl disappeared many people looking someone gone notify police something certainly happened
joy,looking horoscope month outlook positive says take vacation someplace exotic passionate summer fling
sadness,boyfriend wanted leave felt sad melancholic
anger,stupid girl making spend much money get atm
anger,classmate always borrowed notes would return time test selfish irresponsible delayed studies
fear,children wanborough primary school near swindon worried hazards experience way school calling new footpath
anger,philip mad taking cutters boy
joy,see moday great weekend
sadness,gives lot pressure feel depressed
anger,oh men
sadness,good friend misunderstood
fear,one itemised phone bill bedworth horrified mother ran pages listed calls jury heard
fear,saiu nos cinemas americanos um remake de thing filme que na minha inf ncia fez ficar noites sem dormir
anger,implicit agreement sister meeting however understood situation way turn
anger,saw man hitting child years without consideration simply child leaning window
anger,students working group showed responsibility interest work
sadness,found baby whipped auntie really sad moment sadness still
anger,work shifted another area
sadness,young close relative mine died leaving behind baby months old
neutral,hi walter
joy,pretty sure right fact delighted come celebrate birthday time planning start
anger,care indifferent husband
sadness,write junior certificate exams received sad news telling elder sister passed away
joy,first boyfriend
joy,nice heard live music fun
sadness,feel devastated much worse poor mother
joy,came across friend lost touch long time
neutral,quit
neutral,must deaf
fear,village bull jumped fence started chasing friends frightened till climbed tree
anger,brick believe stupid damn
joy,brand new car excellent like much
sadness,health problems suffer many people get really depressed living houses keep washing mould walls
sadness,hard said ominously thought john maggovertski sadness pretty girl whored pay white powder
joy,passed last exam doudts
fear,many years ago saw film psycho hitchcock first time saw film alone afterwards hardly dared go bed hardly able sleep
anger,one career wife spoke exasperation husband listened half ear watched television
sadness,social situation pub close friend years told group around us advances made
sadness,believe guess tonight
sadness,broke boyfriend seven months indepth relationship feelings grief loss felt immense sadness
sadness,failed test primary school grade take main exam
sadness,true bad calling
joy,final examination school glad examination passed
fear,really strong emotion falling sleep caught sight cm diameter spider crawling onto pillow beside
sadness,got know father passed away
fear,received news taking outsidetheboxpt rep challenge tomorrow sounds like bedtime
sadness,like today
neutral,black rose
neutral,thirty minutes gym lunch time
sadness,poor scrawny hands grip arms wheelchair pushed adoring wife familiar expression bright smile devastated eyes
fear,neva da type bite tongue andexplain maself anybdy none god
neutral,got
fear,talk meeting expound thoughts subject fear delayed acting
fear,occured preparing midterm social welfare thought going hard felt unprepared
fear,nearly collided another car
joy,thank partial
sadness,man loved decided leave forever
anger,paranoid everybody crook know
sadness,terrible week
joy,received report card afraid obtaining low marks much higher expected
anger,grandfather funeral
joy,doisneau small bird like man mischievous eyes gleeful laugh
joy,even father pleased continually clean porch roof residents covered droppings nest debris
joy,third highest grade class best answer given one question question graded professor indicated liked answer
anger,bank customers notoriously slow shift business even miffed
fear,interested hearing women fascination horror cars especially women yorkshire region
neutral,think
anger,locked room room mate friend
anger,horrible first time shown late work
anger,man treated dog badly insulted beated dog kept lying floor tail drawn
neutral,often
fear,dashortfry bad ass watch tweeter world come age bringthepain
anger,one colleagues accused stolen iron sure done thing
joy,smiling across room laura tall slender figure added besides everyone office pleased promotion
anger,unjustly assessed something sure right
joy,ok keep going moving ahead leaps bounds watch dynamics keep elbows lifted remember stroke keys pound better remember pianist
fear,got lost new york city late friday night friend mine
anger,misunderstood deliberately close friend
sadness,try get closer person misinterpreted
fear,always told hubby could factor watching old episodes smdh
neutral,hello
fear,problem sir please remember us future
sadness,see children areas devastated drought war
joy,sounds good need bring
fear,afraid mother left alone live house one month
sadness,madam think
joy,delight finally united joan tempered feeling discomfort ronnie leahy
fear,officialpwg amazing show thnx joeyryanonline killsteenkill daveyrichards thechrishero everyone else great show
fear,terrified axcursion italy lost left alone unfamiliar country
anger,headmistress secondary school accused banging classroom door front whole class
fear,remember child storm made terribly afraid thought house coming next day would dead everybody awake stayed night bed without falling asleep
anger,mess jack
anger,well going write letter complaint
anger,christine felt vexed next pack meeting sarah lost points six slowcoach
fear,went home alone early morning go wood
anger,mean rachel mother asked slowly ignoring husband indignant look
sadness,death husband father mother occurred university examinations therefore unable attend funeral
joy,went shopping parents father payed everything glad
anger,mr took drawing pens without asked permission first lost tell till asked try find
anger,really anything could always lot bad blood manager said anything would fired sure
joy,sure good time
sadness,found baby opposum road took home cared week force fed carried fur pouch jersey father vet put sleep said carried diseases
neutral,worry call friend take care believe stalking years nut job
joy,really sounds interesting
joy,get hug someone love
neutral,huh
anger,close friend intimate bodily relationship girlfriend started avoid want talk
anger,overcharging
sadness,son drove tree
fear,going area dog chased afraid might bite
anger,hijackers respect human life even
joy,pleased see canadians well world cup beaten us
joy,great
anger,getting terrible meals paying heaps
sadness,heard news grandfather died
joy,getting letter friend write long time
anger,felt angry mishanga seller robbed transport money go school
fear,giving try owl lamp sleeptweet
sadness,labour supporters must despair able race away tories run election
neutral,love
neutral,five
sadness,unexplained process magnetic fields produced electric currents flowing cables seem induce say depressives darkest feelings gloom despondency
neutral,yeas buy house
joy,summer job sweden boyfriend came meet birthday
joy,spending week end friends waiting another friend went meet bus stop woman met told us coach already left afraid would see friend last found
sadness,friend mine told boyfriend another girl summer going together four years done last three months could believe
sadness,girlfriend afraid anxious day taking exam
fear,regrets leave behind enjoy life inshallah
anger,seem offended exactly appear contrite
neutral,could join
fear,lost way trip mountains
neutral,funny
anger,refused attend neuropsychology lecture medical university
fear,fmpundit play wales division
fear,skiing friends wanted ski jump want left behind braced followed
anger,going get car ditch stuck
joy,friend jean beautiful
anger,rachel could see reasoning behind nevertheless felt angry towards damian flint obviously done right thing clearly complete control situation always beyond rachel
sadness,popular story heartbroken ran join religious order since ordained
anger,military service superior reproached unjustly led friction lot situations
joy,class winning another class football match
joy,friend mine travelled far miss feel joy fer life taking right direction wants feel joy mainly
neutral,hi honey wrong look face
fear,afraid able go school want suffering grades
sadness,terminate training suited sad much wanted finish training
sadness,merrill laughed dejection
anger,town fans angry losing club leading scorer
fear,last time felt coming home late night
fear,abroad driving car along dark winding road
neutral,yeah
anger,causes considerable annoyance germans find forced speak english say settle matter decree
anger,stephanie get school left dorm morning hour half ago happens time always take long get ready morning
fear,perhaps mural makes new shamelessly bright upon wall like something spilt restless assortment weekend patrons watch stage agitated expectant eyes
fear,behind front door hovered small wiry man appeared greatly agitated whose polished bald head flushed sweating profusely spite cold
neutral,poor guy
joy,selected university college nursing
joy,accepted student college thought possible
joy,received wedding invitation ex flatmate enclosed small note overcame lot differences arisen us due circumstances left flat
anger,female classmate always late meetings homework social gatherings busy deadline close waste half hour hour waiting could nothing else
neutral,fun friends play two hand touch flag football old play tackle football
fear,alone home man forced front door locked forced tried open window
neutral,love
fear,night coming lingadzi inn heard hyena crying lingadzi jungle alone
joy,well great time
sadness,cowed stiffened stance eyes slightly downcast
anger,looking excuses want get finished time
sadness,failed two subjects last year
joy,ralf pedlar stood centre drawbridge pleased smile stretching ear ear
sadness,fianceleft best friend
anger,brother law brother stole clothes brother law gone cut wood fire
anger,know better would said cross
joy,cliff sea silence sudden voice bird swans bay
anger,love certain young man pretended love one day found another girlfriend also friend mine
sadness,read diary girl living another boy going around time back
anger,friend played joke boyfriends boyfriend came accused planned whole thing said deserve boyfriend embarassed front crowd
sadness,sorry man know mean screw anything
joy,example eleventh school year learned classed bulgarian language literature national olympiad
joy,delighted turnout spectators general organisations local authorities
anger,lie
neutral,want picnic friends mum
joy,ecstatic like winning first cap rd
anger,looks offended tell perceived man man
joy,well exam father birthday best present give father
fear,telling concerned soul mocked
anger,played chess championship disturbed people asked quiet vain
neutral,marring
fear,happened would terror stricken
joy,receiving understanding within self subject previously wished understand better
anger,anything sounds fishy
joy,day real madrid team basket ball qualified final athens
sadness,breaking long lasting relationship
fear,one penis withdraw ones abdomen seen malaya regions southern asia xa
neutral,plane
sadness,assumed mother wept shown grief father loved anyone father parents wept copiously
neutral,one
sadness,john moved norfolk promoted corporal wrote anne nearly every day loving letters helped make grief mother bearable
fear,coffee hours ago coming like bastard jitters need naggins calm
anger,infuriating rome five
joy,joy knew bounds selected job even finished studies
anger,anger doctors treatment giving birth left part placenta behind bled heavily twelve weeks due felt weak emotional said needed psychiatric treatment give support
fear,fighting class mates highschool
fear,told daughter boarding school ill needed day
joy,interesting like editor
anger,man robbed today
neutral,tell like
joy,course like
sadness,feel strongly law changed future children spared anguish separation contact
sadness,surprisingly many parents continue feel anxious tense sad children
anger,angry class hypocrisy establishment
sadness,grandmother died summer knew well baked great biscuits hospital expected improve go home soon died sleep
joy,let see gate club
sadness,failed standard examination first time
neutral,lisa
anger,mad father tried twist arm
fear,caught huge eel fishing line pulled boat cut line threw whole lot back water later day ten miles away went swimming someone made comment wondering far eels could swim abruptly ended swimming fear unseen eel days left district
joy,student mine music performed played remarkably well
anger,want take court
joy,end poems must read expressions sheer delight friendship
sadness,loneliness uncertain autumn
joy,listening opening bars tchaikovsdy symphony fourth movement sister wedding
joy,may ask dance
sadness,mother died
sadness,afraid go walk around
anger,wish could understand know goes think get stick like everybody else
joy,present boyfriend asked initially go waited long time occur
anger,dance someone slashed tires dumped paint car four friends drove furthermore raining
anger,friend badly beaten stabbed many times person got away without punishment law
anger,maybe true one want see anyone lose job ces ask bailout making millions dollars nerve fly washington private jets costs hundreds thousands dollars asking money right
sadness,death paternal grandmother close died cancer
neutral,well air line lost luggage return flight lost carry bag tackling officers charge left airport three hours later expected caught traffic jam finally got home totally exhausted found elevator service due blackout
joy,excited mother oh new baby
sadness,old teacher primary school died
neutral,feeling
anger,parents scolded lot something done sister done
anger,work elderly man complained unjustifiably distrusted
anger,line mark know worked ad together definitely line
anger,quarelled parents
fear,playing friends decided splash sand car moving nearby driver got angry came report parents
joy,perhaps knows journey made cocky jack lad neglected discipline academic study raw excitement left wing politics measured politician answer everyone
fear,called interview kamuzu college nursing
sadness,girlfriend told wanted leave
anger,walking street alone afternoon many people street couple guys following ignoring suddenly one came front started using dirty language harrassing got angry wanted strike back
fear,afraid moving away home moving helsinki studies
joy,stopped working boring job
sadness,could meet love waited month due illness
anger,tennis match interrupted kid cycled right court
fear,afraid went doctor
anger,honest horrible manager pain neck
anger,annoyed particular day seemad odds favour grandfather added fuel fire important appointment unleashed anger
sadness,dejected david mellor royal bank told magazine doctor led believe appropriate venue bank representative
joy,back home long time meeting beloved people close friends
sadness,use locker airport trailed despondent sigh
anger,one could told face absolutely livid sukey want row would upset daisy gee perdita interview
joy,paddington grew excited listened
sadness,failed subjects mathematics
joy,felt happy end day student camp shared hopes aspirations open situation generated made strong frienships experienced worth well
neutral,medium
anger,new computer software driving crazy really need break
joy,understand
anger,really want take knee
fear,broke uncle radio player accidentally feared going cut going house well playing
anger,left person loved without reason
joy,summer vacations planned carnival community youth center volunteers head organizors spent month planning period got know understood discovered others potential planned many interesting things carnival day carnival everything bright programmes went well attendants enjoyed felt extremely excited
fear,steven going guys know gun going
fear,one meets new people one forced collaborate
fear,us contemplate prospect horror
neutral,bye
sadness,really tough got deal
anger,wheeler fine face flushed annoyance laughed
neutral,want improve handwriting practiced several weeks nothing happened see handwriting still bad
sadness,felt sad despised another person
sadness,sounded little low spirited
joy,joy came first proposed girl secondary school
joy,first week graz met girl got know train amsterdam graz although considered sympathetic seperated without changing adresses
joy,well yes several colleagues different departments helped supportive consulted economic expert last week kind give valuable suggestions
fear,looking coming
joy,chicago
neutral,go ahead
joy,getting back boyfriend year away apart
joy,elated excited another world
neutral,time
neutral,hi fanny
fear,three hour grammar final half hour
anger,experience emotion quite often day angry day got pulled something done happened school days spoken word class monitor written name board remark callender get signed parents remark resulted spanked
joy,ok meet
sadness,hi lost purse shopping street guess somebody stole
sadness,devil gloated private grief
neutral,awfully sorry hear turn right away
joy,one night good conversation two friends realized worthy happy friends
fear,imagined heard footsteps hall sleeping bed one night house
anger,cat killed car accident angry driver car take enough care
joy,man introduced agent look excited see obliging friend
sadness,sorry prices set
fear,still kind work wanted thought much comprehensive schools spirit mild disquiet
fear,course afraid
sadness,found failed pass exams term one point fact exactly thing happened last term help
joy,got small present form person like much
neutral,problem
fear,started study move afraid left alone could manage
fear,think little afraid
fear,apparently rld aware details vanguard accident time subsequent publication report accident reinforced disquiet
fear,gang screaming drunk youths captured tram
joy,committed course action felt exhilarated
joy,long time searching got first job
neutral,tell something
fear,know pop bottles bottle emotions least put open
sadness,sure hey sorry got get going
neutral,right
sadness,sorry caused trouble
anger,sexually assulted bus noone helped people laughed
fear,home sleeping heard robbers breaking house
anger,friend let study want feel need study understand important studying get angry
joy,unexpectedly received birthday greetings person like
sadness,felt sad boyfriend apart time
joy,gave quick amused glance head leaning back faded red alcove seat
sadness,enrolling varsity told get certain papers
fear,neighbour life threatened someone trying break house
anger,person walking dog allowed defecate footpath outside house although happened first time witnessed skills learnt py thrown window indifference protestation obvious
anger,appointment someone certain time person appear
anger,sports fishermen catch gulls instead fish hooks often mistake makes angry
anger,want file complaint
anger,waiting behind car going leave parking place wanted park car uncoming traffic wait short time another driver placed car place
neutral,hope
fear,fear exam
anger,discovered boyfriend another girl discovered letter wrote girl away asked accepted
anger,seeing first time pictures called treatment jewish people nazi germany world war ii
joy,take care give best parents
fear,hate dentist passion
joy,worked au pair girl london received call good friend told london wanted see glad call especially saw
anger,mother treated unjustly little child said mean things unable defend adequately
anger,someone chased house
anger,worked long hard project friend inadvertantly destroyed could forgive long time times still get angry
neutral,like
joy,great uses natural materials rather ones scientists make prefer natural remedies man made ones
fear,raguc greatest threat tn reduces watr lvl half worries tooselfishforaction
anger,face livid hand clapped sword
sadness,good relationship two friends without reason clearly showed thought naive dull unable take care expostulated could manage things
fear,contrast rattled untrustworthy gamblers number number downing street
joy,often like comparing children parents
anger,know stand butting trying emphasize point
sadness,death close relative
anger,person invited come appointed day time
sadness,lost father th september died sore leg
sadness,sorry lucy afraid get
sadness,let make somehow
anger,today oxford university sports director furious exclusion
neutral,going graduate summer
sadness,best friend got married left home town go live poona wedding felt sad
anger,one day sunned favourite shirt putting back wardrobe younger brother snatched wore bath dirty scolded answered back locked room angry starteed kicking door abusing loudly freely
anger,without employer knowledge even without communication bank accounts changed personal accounts closed
anger,fact informed something greatest trust person
neutral,got hobbies
neutral,promise
fear,local authority became concerned injuries sustained obtained place safety order
joy,lost excitement first ramble trossachs new territory
fear,fuck ya ignore feelings im never actually alone always feel alone
sadness,looked crestfallen preston felt sorry
fear,found gone school premises without permisssion wrong time
fear,lmao cute rt thamagictouch thingy kinda cute tho rt thee tyson rt alihmirza fear forget everything rap
neutral,agree sense miserable ever
joy,living room home ex boyfriend nearly year separated talk began remember courting gave long kiss
fear,fire oh god shall please get
joy,oh come failure mother success lose heart sure succeed
anger,egg told last week smelly toes playing eric asked would go
anger,kid brother broke reading spectacles
neutral,large white building
anger,furious ringing
neutral,tell something
anger,elite offended common people loved
anger,tabitha campbell black livid bag bailey performance mix horse feed rather shirt picture polo pony front
sadness,girl love love
fear,stopped horrified say
sadness,find dog missing
neutral,work nearly month feel job
anger,force eat something like example parents always twaddle whine eat food
neutral,alright
sadness,friend mine driving car ahead died car accident
joy,never bodmin seen many faces many happy faces one time
neutral,hi kenji
fear,accident hurt eye afraid injured badly
anger,one best friends accused giving early problems casual remark side angry hurt
anger,entrusted friend delivery money father however misused money
anger,shut car listen get told hurry want waste time road
joy,school one thought could pass mce end year name announced radio passed happiest person
neutral,definitely mother mother definitely matriarch bigger family
anger,something stolen
neutral,hi tell something
anger,want cross guest feel like dodging cars scooters
sadness,mention thesis due date coming thesis even close done
joy,good friend mine away three months met ran embraced
anger,lancashire members furious heard gooch england selectors axed red rose favourite phil defreitas preferring essex pacemen neil foster mark ilott
joy,learnt accepted university
anger,easy ha easy cheat
anger,get angry brothers sisters something like know still tease
joy,sensed strong feeling joy plant working place got message admitted full time student higher agricultural institute
fear,anybody swears allegiance united must share sense dismay happened still going almost sense revulsion
joy,pick around
fear,finding alone public toilet block man known great psychological disturbances
sadness,worst thing tore best shirt
joy,part feel elated close tears
neutral,hey today
neutral,got
sadness,deeply felt could lose person love best foolishness
neutral,high time talk may help clear mists
joy,fortnight ago declared successful exam year four bombay succeeded joy knew bounds
anger,peter pack read
joy,ok let go
sadness,unfortunately charged dui university
joy,oh thanks lot
fear,climbed sides every time making new discoveries finding new surprises delights let confess secret places recoiled horror
joy,well leave miss
joy,feeling happy
neutral,go ahead
fear,getting lost strange place
anger,hooted learning drive
neutral,one
fear,home alone felt super natural force dangerous people close
sadness,quite sad hear right hon friend minister agriculture fisheries food say prepared sit negotiations months
fear,father suffered dizziness hospitalized physician know wrong stools black thought could cancer
neutral,well feel little tired
joy,boyfriend made
joy,bulgaria football match france
neutral,play online games full violence
sadness,told girlfriend speaking ill real let
sadness,dog years lord grey died sleep death caused deeper sadness thought
sadness,meeting ended started talking would next discussion many tests coming week could meeting thought would understand always done understand problem thought many activities reaction made burst tears
anger,realized person courting really side long time already deceived let deceive
fear,alone someone tried break back door
neutral,hi charles matter
anger,arrested
neutral,beauty tree
joy,feeling super
neutral,thanks stopping
joy,perfect taste
neutral,nothing smells rat told right guy
neutral,sink
sadness,oh right supposed deliver brief account tomorrow know things need share gosh know things really busy today time manage squeeze might lunch break
fear,charles horrified conscious brother disqualified man god leading invasion celibate legitimate heir
neutral,nice
anger,friend promised call certain time expected call impatiently vain
fear,walking dark saw something strange
neutral,yes kind perfect plastic wrap comes new products look even bar code price sticker looked brand new
sadness,seems nothing except
anger,girl friend understand angry problems seperated could resign
joy,moment heard result examination proved succeeded second year study
fear,every time imagine someone love could contact serious illness even death
neutral,last year helped trouble
joy,girl wanted much said yes fell love
joy,bang cue strode stage feeling none terror crippled last performance excited cheers children bringing beaming smile face
sadness,trying girl really liked cared thought felt way like idea wanted stay friends
fear,stepped python snake unknowingly sleeping near baobab tree
joy,lee ian shown takes earn first year professional terms delighted agreed join us
fear,going dentist
anger,yes give much either still hungry
sadness,girlfriend ended relationship abrupt unexpected manner
joy,true wonderful advance people transformed wilderness home men women live comfortably elegantly happily contented disposition
fear,going threatened regularly two punk girls
anger,drinking glass water found cockroach walking glass
neutral,jack wonders whether linda likes
fear,people think changed cause appeal grown drake gt gt gt gt
sadness,may th boyfriend went december told passed away cancer oesophagus
joy,thanks invitation
fear,never run away problem face face face cause catch never let goo rip jane kane
anger,obviously unjustly treated possibility elucidating
joy,maybe thank
fear,sick relatives thought bewitched felt like dying
joy,seem delighted see said betty
joy,come visit time
anger,felt wave exasperation rise within
anger,son really taken never keeps mischief
joy,perfect really hits spot
anger,absolutely incorrect town monday night
fear,jumped three men deserted area
joy,yeah impressed tom hanks performance movie
fear,shooting started lay protect flying bullets incident occured way feira zambia army patrols rhodesia war
sadness,left part time job
joy,talk friends
anger,feel shameful behavior
sadness,son diagnosed cerebral palsy age would endure much labelling stigma discrimination even though case relatively mild
fear,walking thick forest big snake distance four metres
sadness,well sad tess reason
neutral,oh
anger,michael stein trying unsuccessfully calm irate customer arguing bill
sadness,surely someone somewhere knows killed ann heron person could ease pain heartbroken family
joy,selected start form chilumba secondary school pupils among successful family history showed done better brothers passed repeating several times
neutral,said bother coming back said fine
neutral,hot
sadness,help know need scholarship
joy,surprise got know got good high school graduation marks
sadness,mom today playing football love football
anger,wrong cigarette thing go crazy
sadness,oh terrible yuri terrible even assess damages business country either buried mud danger getting kidnapped believe mess
anger,dare tell
joy,little cat sick liked much went veterinary told tend really recovered health everybody said saved life
anger,things first thing happened supposed go romantic dinner one year anniversary stood
sadness,afraid going gym workout
joy,yeah oh god still first date right
fear,conflict parents possibility interrupt studies
anger,untidy work led rows rows led confrontation confrontation led boy soundly thrashed exasperated mother
neutral,hi kate
sadness,sudden death one parents
fear,house fire saved dog afraid fire verging panic
neutral,late night
anger,verdict monday indignant cannes president alain pedretti described scandalous
fear,months later gough whitlam brought australian army home said experienced horrors one left little piece viet
neutral,yes
anger,need help jerk
joy,got results passed form iii exams expected well
neutral,definitely
joy,never sold much growth year phenomenal captured market last year strategy working
fear,attacked standing doorway pack dogs alsatians farm dogs escape route blocked shut fence
joy,oh great hope spend spring festival beijing
anger,mean line people
joy,went home visited family friends
sadness,understood james despair enormity ruin loss edward already meaning
joy,know mean could use vacation
neutral,hanged lying
joy,journalists made pilgrimage dovercourt team bbc caused greatest excitement
joy,going concert
joy,joy family gather around home special occasions christmas etc really gives joy see family relatives observe natures productivity process going centuries
joy,ok see tomorrow
sadness,recent break girlfriend together year overseas discovered phone work
sadness,operation stay bed long time
fear,designed convince readership horror subject matter
fear,hide behind wonder would cause people destroy
sadness,six years old favourite cat died
anger,someone told lie stolen money
anger,class leader told university let us go lectures english class
joy,economic crisis got unexpected sum money
sadness,unfortunately chris health suffered became depressed
anger,studying chemistry friend became angry eachother fed
sadness,gradmother died felt sad feeling started worse
neutral,planning return china graduation
neutral,settling start family anyone want get married
fear,jayowen players like jay pinch punch grab conkers twist nipples pull hairs looked horror
sadness,group thirty forty downcast men stood apart canter thin ring heads arms hanging slack attitudes despair
anger,happened tram older people started grumble young people immediately left seat
joy,sick husband bought piece cake
neutral,oh well looked around space waited nobody came sorry taken place
fear,meanwhile flood letters different sort anxious hong kong citizens every newspaper office continues
sadness,sorry sally fault
sadness,oh sorry see stop sign corner mean
neutral,know even worked sweat
sadness,walking along new asia stairway chung chi college lecture saw put one arm around shoulder laugher brightly joyfully dare want look walked quickly interest talking disappeared wanted remain silent want know left went expected happen
joy,went fetch girl friend station train arrived saw descending running felt glad
neutral,tomorrow
neutral,oh
sadness,sorry caused much trouble
joy,happened th standard paddy crops bad shape rained water well sad mood came conclusion would ignore paddy field hours rained one hour tense time rain brought tremendous pleasure
sadness,everything gone wrong
neutral,wow
anger,really fed larry biggest airhead ever met always makes careless mistakes pain work
joy,went see entrance examination results university rejoyced success
sadness,examination results satisfactory even though tried best started wondering abilities major subject however know choose major subject change
joy,amusement false assumption seemed ease tension us
sadness,couple days ago go back funeral
anger,situation car stolen
joy,admitted university niece born
anger,let go school please sick medicine sick soup sick sick
sadness,death close friend
fear,slept first time alone house live man phoned wanted something afraid
joy,aticle published
sadness,death grandmother
joy,ok try pinto want rent car one week
sadness,relatives often carry enormous personal burdens example grief losing child expected bright future tragic decline senility loved companion
sadness,one night called told father close friend died visited friend home attending funeral felt sad
joy,elaine exclaimed delight evident entered open plan living dining room decorated fresh lemon blue fabric christina chosen
anger,date girlfriend time place fixed asked phone hour later midnight want disturb family waited several hours call call night
anger,example approved continue studies moscow university matter highest marks general best records candidates
sadness,started job market bad right optimistic
sadness,father ill
joy,heard grapevine getting married
neutral,radio many comercials
neutral,thank suppose go see doctor
sadness,received letter telling mother ill
joy,thanks beautiful
fear,chinareport china right regarding listen rhetoric mongering disguising oil gas motives
joy,knew last problems making journey wanting make long time
joy,felt joy two twin sisters born
fear,uncle even messaging missing life kind messing
anger,everybody wants trailed silence lily eyelids fluttering holding back offended tears
sadness,glanced saw auguste anguished eyes thought understood
anger,father failed send transport money closure school
fear,walking friend house blocks house car began follow waited passed rotateed little stopped way changed completely way car went following turned corner running hid garden house waiting car pass went back home terribly afraid
neutral,hello tom
fear,felt fear friend broke abandoned military base los angeles summer feared want caught
fear,late flight made miss seeing thechrishero largo thank chris coming
sadness,getting worse eating house home tried talking goes one ear makes home fine really gets yesterday walked living room raw company last straw
fear,giving seminar rather large audience
anger,official meeting asked question person response directed chairman
sadness,father told letter mother ill
joy,day friends mine decided go galicia holiday
sadness,sorry thought stop
fear,small children two three tend alarmed banana skin fall amused yet
anger,roommate boyfriend assaulted threatening calling names pushing around
sadness,allen last found crevice secure enough trust looked find peering little courtyard onto rain wet backs dejected horses
sadness,felt powerless help poor know
sadness,heard death somebody liked much present either see person try share emotions friends
neutral,sam sorry birthday yesterday completely forgot
sadness,however obvious deep sadness within
anger,single minded uncompromising work sometimes provoked exasperation among colleagues feeling immediately tempered admiration felt
neutral,well watch says five past two use rely gaining losing last days
anger,extremely indignant
fear,isaiah far oppression fear come near promise
sadness,joseph unable follow french waited anguish knowing said
fear,cleo stared contents dismay
fear,guy chased jogging
joy,computer school left name along four others rights one year happy find name medical schhol list
neutral,close first cousins
anger,girl may loved truly refused come occasion another town
anger,angry patient refused take drugs
sadness,feel kind stupid
sadness,child beaten mother
joy,look intense amusement crossed catherine face
neutral,yet
fear,journalists asked manager attend midday conference celtic park expectation brady would commenting dismay anonymous directorial criticism team progress
joy,first pleased soon realised hathor delight killing might lead destruction mankind intended
joy,felt different world
fear,apartment three robberies last month guy upstairs got robbed making fourth
neutral,route
sadness,began read thick book limited time read also lot work cannot keep
joy,hello let introduce new neighbor name andy
sadness,many depressed people withdraw may sleep lot day wakeful nights
fear,uncle taken utc operation cancer lot deaths late every operated scared uncle life
neutral,fine watch movie without popcorn
joy,tempting glimpses become excited design angry failure meet high standards
joy,pretty young undergraduate felt elated
joy,yes yes told feeling ridiculously pleased clearly enjoying first attempt baking cake
sadness,awfully sorry kept waiting long
sadness,girlfriend wanted breakup indefinite amt time said commit fully relationship without going people first boyfriend
anger,feel angry people indifference ability present event stay partial happens
joy,yes would like come later coffee bring family
fear,girlfriend slept lonely hut drunk alcool suddenly soil fell us water although tried hard could find cause
joy,hard say depends love waltz
fear,best movie forest gump doesnt get rated good titanic distantttttt second
anger,coming fast knew seen brake sharply frowning exasperation
sadness,found part time job perhaps help family come difficulties
fear,return sources discovers either primitive celebrations entirely divorced modern sexuality always concealed deathly horror
joy,got first unknown compound sc research happy research based type reactions compounds
joy,responsible community programme last months life delighted involved introducing community action
fear,saw horrified expression however stopped doctor became quite fatherly instead
joy,like maybe next weekend
neutral,rockets
sadness,felt sadness remembered former boyfriend got separated year ago comparing present one things much success
fear,steven
anger,often felt feeling someone stole garment
anger,sure look like black blue
joy,winning race training many weeks running race
neutral,course piece cake believe push ups minute
sadness,watching sunset latest boyfriend left realized would never watch sunsets probaly never see eachother none mattered
anger,happened last night show
neutral,real problem meet people
joy,got letter home
fear,alone room boarding house clock someone knocked violently door
anger,said something boyfriend disagreed walked away without discussing bothered became angry treating way yesterday november
neutral,yes nothing
sadness,person died really friend
joy,take good care
fear,maryland wins odu face carolina ncaa final sunday played tremendous game turtle maryland
joy,secret thing practice succeed
neutral,daughter plans quit present job wants find another says wants get better job higher pay
joy,invitation spend days seaside expenses paid
sadness,right give ticket
sadness,got know death close friend
fear,people wildly shooting next street must leave soon possible
joy,learned admitted study wanted floriculture narrow specialization general one
sadness,glum look face england manager graham taylor says intention quitting
joy,happy found passed flying colours made university
joy,hooked girl kitwe beautiful standards rare bird kind accepted boyfriend
joy,gate park
fear,told thousand times want go haunted house scary
joy,hearing fran wilde introduce bill
neutral,seems quite normal pretty much want
joy,heard got best result school would definately selected university zambia
joy,drop scotch occasional periods self criticism helped become happy time happy anyway
joy,well nice meeting
anger,leave go away
anger,parents let go holidays friends
neutral,afraid
anger,wrong sex course
fear,ex boyfriend threw around dorms talking phone another guy jealous argument thought broke
neutral,country football brand new never learned game younger
sadness,able well chosen english lecture
fear,thirtieth minute gary weaving scored looked like perfectly good goal linesman rule offside everyone dismay
joy,blank
fear,rescued dogs often somewhat nervous people yet may also become excited see example
anger,dad gonna catch cold
anger,tell must go
sadness,sister scholarship norway particularly walked across tarmac get plane looked back us
sadness,funeral friend killed car accident age many friends present well family etc
anger,found annoyance grinding teeth
sadness,scene first heartbreak
sadness,sounded quite sad
joy,month old son happy well
fear,night alone home family members usually get together time someone knocked vigorously door
anger,wrote assignment given less marks friend previously discussed assignment
joy,appeared pregnant several weeks overtime
joy,felt joy came know christ became christian
sadness,watching football game reminds time father still alive watched football games tv together
joy,suppose happy tiny means able surprise people generally seen confident outgoing personality
neutral,sure
sadness,sorry rock bottom price
sadness,lost table tennis game yesterday
joy,really happy group
neutral,hi jason
joy,sauna bath
fear,since war began soviet military commentators including senior serving officers expressing dismay seeing iraq army whose tanks aircraft supplied pounded relentlessly effectively
anger,went dining hall found cooks cleaning plates food blue birds security guards busy eating food supposed
neutral,ok dad coming
sadness,person liked left friend mine several months mutual help profound knowledge
neutral,fine
fear,little nervous never flown
fear,may find stupid let experiment
anger,jennifer davies give break stand dweeb could possibly ace keeps cutting class time
joy,yes hope meet
joy,succeeding helping others
anger,albert offended swung legs athletically bed wincing distant side face
neutral,hey john nice skates new
fear,riding friend car speed km snow covered motorway would liked get
sadness,understood anything lecture
sadness,said good bye girlfriend spent two years developing relationship unsuccessful felt sad
anger,best friend betrayed told people secrets
joy,let enter
sadness,grandmother died
joy,travelling south brasil near end year well settled friends evening somebody also us took purse pints colours us friends beach painted went beach champagne
anger,last week planned play tennis booked tennis court however arrived university gym clerk told court used lessons
fear,boyfriend leaving go home one night deep sense uneasiness unwarranted fear see
fear,scene shooting front house afraid two armed men confronting discover reason incident
fear,much busyness schools staff need dream time also security try ideas without becoming nervous making mistakes afraid failing
fear,exam terrible exam ready yet tell get good marks
joy,noticed meryl streep similar cheekbones jaw structure
joy,sure love idea throw enjoy
fear,yeahh dnt like still ill ride around ya side town wit blood
fear,need always right rt fredericbrussat live creative life must lose wrong joseph chilton pearce
joy,tremayne pink gratification
anger,live sister sometimes angers especially thinks keep apt clean enough
anger,somebody stole brother disco machine
neutral,idea
neutral,oh know thought paint skin something
neutral,yes teenagers want live traditional lives want go fun explore world want develop view life parents usually try discourage often succeed
sadness,last night well one subjects result announced feared would fail finally got results subjects good felt little sad
joy,brothers passed exams able graduate courses
joy,going major production
anger,soldier quarrelled commander may revenge detailed duty two successive nights naturally checked second night found asleep sent cells
fear,afraid tomorrow seen yesterday lived today less
joy,look pale recently
anger,love roy
anger,blake looked exasperated face doctor computer predict going
joy,good news sick relative
anger,read newspaper student lodging fund going build new appartments refugees opinion state affair fractoin students find appartment
anger,saw parents punishing little child something done opinion even done punished
anger,parents allow go social function friends attending
sadness,afraid rent two months
fear,late one night pursued gipsies good intentions
joy,congratulations mr stuart city marathon
anger,appointment downtown person question half hour late
sadness,heard former superior mine died later home home reading newspaper thought interaction longer possible limited scope human life sad
fear,needed recommendation something decided best person get one professor never talked felt lot fear going class ask recommend considering never heard name
anger,friend comes visiting unexpectedly asks coffee refuse give
sadness,sad old woman rose chair dais take coats hang row hooks nailed wall
sadness,know going need find job able stay next semester
anger,ouch hurt
sadness,sorry way could come back hour
fear,friend planned search old documents utensils cellar late night arrived cellar indicated place police years ago found two dead bodies got scared told story
fear,came home discovered someone broken realized probably still
sadness,discovering lillehammer provided musical environment suits taste even though told
anger,stories way grandmother treated mother
sadness,one alone knows others celebrating
fear,practicing wind surf body caught sail trying get leg caught lashing afraid dying asphixia
anger,hungry wanted start eating friend called usually talks long time angry prevented eating
anger,thank much letting keep long
joy,went movie date walked beach alameda spent time afterwards apt
neutral,goodbye
sadness,experienced tears real grief first time granny died
anger,members branch indignant government planted two spies among
sadness,son mother told wanted move vienna take child means rather long distance whole family sad dumbfounded feelings intensified
joy,called invited talk job wanted
joy,great flowers hope like sure color suit new apartment
anger,terrible house
sadness,told friend baby born partial sight first child young mother
sadness,yes really pushed far
fear,someone must buried frightened hand police station
fear,son fell cot age months became nervous thought would cause defects head
sadness,anguished cry tub
fear,also worried manage farm
anger,told several times never listened
fear,continuing disquiet way industry run members express disquiet questioning fitness persons appointed government run
sadness,protagonists unity may despondent loss edc european political community routed
fear,hunting lost fog mountains
anger,go vacation mark come back move well
joy,glad learned student already heard phone believe first
sadness,grandmother died funeral
joy,passed important exam
sadness,perhaps dead tired
sadness,post office sorry sure
sadness,frank gone lucy
neutral,several possible sources might use topic suggest use computer computer give list every scientific journal talks children television
neutral,true wondering learn anything job
fear,lord fell kingdoms lands around judah make war jehoshaphat
neutral,link
joy,agree
neutral,wait
sadness,afraid parking allowed
anger,got receipt paid spot
fear,terror brings violence war war dehumanizes everyone times like need dissent ows occupy
anger,get face
anger,jack mad even madder american scandal magazine national enquirer although nothing new
sadness,harry going make miserable beyond measure go like
fear,heavy night last night last night joshsimpson drive back home work tomorrow
fear,child one day going home late night notice uncovered man hole fell several minutes
sadness,grandmother died long illness
anger,tell appointment
sadness,oooo sounds serious
anger,hot water building falling apart
sadness,wait minute really sorry find
sadness,truth mr wolski sad wish stay zoo longer
joy,maybe good things go hong kong take break take things easy
anger,think
joy,informed short story written accepted publication
joy,unexpectedly got present father
fear,two drug addicts tried take away money
joy,must old
fear,forgot lines play orientation camp
sadness,inconsolable found done
neutral,seats okay
joy,seemed happy
joy,time glad could help
sadness,real anguish eyes
joy,remember highly amused rendering young rook cry whilst gobbling worm perfectly true nature
neutral,basically sat told felt constant criticizing welcomed advice hoped let us things understood everything lot peaceful
sadness,general ye jianying died
joy,go well sweater
fear,police became increasingly concerned prisoner health weekend
sadness,sorry mum
fear,one night friends went cemetery stopped car front wall suddenly grave digger appeared wall looking like ghost already afraid almost died
neutral,believe industry making us wealthier
sadness,maybe still gets nerves
sadness,sorry overslept
sadness,hand important person cameraman wore jeans micky mouse shirt mournful deadpan moon face shone incongruously
anger,vacation therefore attend meeting day care centre nevertheless day came back called early morining ask going matter discussed meeting got angry
neutral,dance class know
fear,gone far met another lancaster returning cook tour horror two aircraft flew wing tip wing tip way home
joy,got home job found letter university telling admitted begin studies
joy,son returned mountaineering healthy body soul
fear,cave excursion friends suddenly lost afraid losing way cave
fear,someone attacked knife
neutral,yes
neutral,alright everything
sadness,friend breaking boyfriend
anger,stupid say
anger,mother told things sister told mother confindence
fear,relative died
fear,felt afraid dad fell ill never suffered disease since never seen
joy,lord light salvation shall fear fear option finally delighted happy
joy,like
joy,think might work well
sadness,grandfather died heard death bad feeling stomach felt lost something precious
sadness,feel sadness fact born better appearance
anger,corner shop patronise regularly note purchased worth goods really needed keeper made sarcastic remarks others people using cash notes
joy,suddenly found talking sort language us understand got quite excited
neutral,sure manager think
anger,wet dark fed
anger,could tell angry ready cry frankie pulled roughly back step turned leave
anger,angry someone stole magazine borrowed another friend locked drawer
sadness,thought going impossible start studying due wrong information student advisor
neutral,mom
joy,temperamental differences operate new trio junior heroes whose elders three lieutenants regard pranks mild amusement
anger,roommate unconsiderate
anger,friend mine promised arrange tickets concert considered important could get way thought would gave whole thing
neutral,okay
anger,icc chairman sir colin cowdrey left clearly furious every time ready make statement texaco trophy events august pakistan lawyers threatened writs
joy,looked excited
anger,murder
joy,delighted pleased see
joy,applause rang twirled around acknowledge demure delight clapping barman crushed ample bosom barman wife
anger,close friend first said accepted agreement later used agreement reason attacking
joy,ecstatic often ecstatic ecstasy flew face like sun mirror
joy,pleasure gourmet appreciation delicacies whereas happy person readily settle much simpler diet
sadness,living overseas city made decision leave city come home months met whole new set friends leaving airport sad traumatic helped many ways knew see many
sadness,exam failed
sadness,sorry
fear,nearly beaten brother girlfriend
joy,celebrations graduation day orchestra playing garden part orchestra
joy,quarrel followed decision leaving person close several days later regret great beside quite unexpectedly came conflict calmly solved glad possibility
joy,much trouble getting together first place boyfriend celebrated first anniversary
joy,blake says pleased firm improved performance acknowledging considerable efforts progress made
sadness,well really worried grades think course would stressful
joy,tango favorite anything hip hop foxtrot music stopped
fear,police sergeant revisited mr thompson still clearly worse drink agitated state
anger,icy tones offended bureaucrat replied future reference call mr hooton richard
joy,foolish exhilaration leaped tree spotted binoculars
sadness,glum look face probably normal
anger,others bit work group assignment task work
fear,driving car misty night alone car felt totally insecure nervous overstrained
fear,car came close hitting whilst crossing street
anger,laura normally full warm lips tightened annoyance
sadness,worse still trying avoid days
anger,recently sister four years younger spoiled shouted mother apparent reason heart broken expression mother face made feel angry
neutral,exactly twelve minutes past seven
anger,boyfriend lied
neutral,good luck
anger,tell girlfriend
sadness,read lot remember anything
joy,laughed showing white sharp teeth pleased joke
joy,found travel best friend
joy,delighted help museum extend collection said mr watson
fear,meanwhile crowe watching carnage unfold end increasing horror unfurled strokes class attempt ease situation
neutral,think lifelong learning concept never soon late learning
fear,time position secure ist class sc exam likely affect career
sadness,blowing saying wrong things realized done hurt person
sadness,bad day yesterday
sadness,event maman inconsolable
neutral,kobe
neutral,bragging
fear,frightened go sleep
neutral,ok
fear,went dog forest late night camping
anger,bajaj wanted get admission another college easy felt angry
fear,sitting cinema became anxious watching cold film know reason
anger,really idea know thought really curls hair
fear,cat ran car came home wounded could hardly walk dare go veterinarian afraid would kill
anger,oh gag totally gross
anger,tv news heard nicaragua complained increasing threat war usa
sadness,friend died
fear,order desire greater failure bill cosby
anger,believe wedding present us joanne hardly ever use
fear,emmeline grew pale horror bastide plight
neutral,yet
sadness,particularly sad mother opportunity buy even mc
fear,driving busy freeway rush hour slightly raining diesel truck coming close behind close behind pick changed lanes barely hit truck ran honda road scared death go back see caused crash
fear,unexpectedly residents chiswick became alarmed prospect acquisition proceeded properties proposed route
fear,felt last hour come unexpectedly found hands
sadness,yes took temperature last night degrees right feel fevers degrees
neutral,promise
anger,men shooting us importantly lie
sadness,let see sorry non smoking rooms charge room tonight
sadness,course knew fallen love another guy difficult see move quickly
sadness,small sad smile pulling mouth convinced would say thank goodbye took deep breath began read
fear,go ready marriage thinking thirty five years old got entire life ahead adventures waiting settle yet
joy,okay thanks help
anger,bellybutton said indignant voice though question impugned mcillvanney honour
neutral,bye ann
neutral,step office moment concern
anger,must stay swear oath shall kept
fear,mr rifkind written bsc chairman sir robert scholey asking assurances meeting anxious union leaders
anger,falling love although friend angry
neutral,heard government might need increase retirement age otherwise enough workers support young elderly
sadness,busy days seems never finish work
sadness,first got inkling little far worse none became melancholy miserable
anger,ruc men conducted police investigations fiercely indignant senior officer threatened resign
neutral,good boy
anger,simply help giving fish eye knew
joy,thanks full
sadness,experience families particularly carers go great anguish much pain heartache associated process
anger,intimate girlfriend told father opposed relationship insulted integrity
sadness,somewhere gloom accompanied raucous laughter much crudity young female voice began groan rise unintentionally mimicking anguish wounded soldier
fear,nearly attacked man chasing
joy,watched football match old friend performance team good team members full spirit match excellent every time goal scored felt excited
anger,grandfather never really liked anyway
neutral,yeah know friend need friend indeed need fair weather friends either
joy,august bride nice way going matron honor
fear,actually writing physics exam today
anger,insulted man
fear,turned laptop broke mean monitor went black
joy,still like olive one best tailor take sleeves
sadness,brazilian lover looking increasingly disconsolate
sadness,chosen go english lectures
fear,afraid exam colloquium
sadness,grief stricken widow refused leave dead husband side even crawled bed vain attempt infect disease
anger,last week friend mine called said moody difficult persuade got angry
fear,went apartment boyfriend saw people door thought something happened
fear,brother late arriving home work
anger,editor changed heading article written considered heading derogatory towards person written
fear,joined soudain gamble man scunny bookies call bespectacled death chris radford
joy,friend mine suggested become film extra idea seemed funny reaction seemed rather outlandish others
anger,car start stupid old car
anger,deserves proper thrashing cissie protested fiercely indignant unable defend cowardly brother took delight whipping
sadness,behaviour reverend prentice added anguish
anger,angry cafeteria cook scolded said many bad things without reason thought among girls wrong
anger,stand riding bus
sadness,broke girl understand loved
fear,let go fear time step plate
anger,father called behind mother back told mother disapproved behavior weekend however tell details left unanswered questions
sadness,oh steven made big mistake
anger,course silly girl went told livid nothing
anger,newcomers feel cold shouldered local population occasions become resentful almost tribal clannishness
joy,occurs frequently recent experience going many friends nice music examinations felt happy could embraced everybody
sadness,stood stoically hiding grief newlands announced received twelve votes
joy,days felt miserable distressed listless crying fits felt happy although special reason
anger,friend mine played joke another friend telephone friend crying called got angry made person apologize
sadness,records must based measurement subjective impressions number times parents felt depressed child behaviour
joy,well like collecting matchbox sure counts though
joy,chosen plan next family reunion
fear,friend going study session together quiz biology material believed study enough feared would fail
joy,audiences thrilled box office cash registers jingled careers made
sadness,miss van cheele terribly sad gabriel ernest
neutral,oh really great news look like
fear,father drinking feared went bed night
neutral,eh
joy,considered hours able overcome scruples call friend fallen love realized decision right glad
joy,happened went check first year results thought would fail found clear pass courses
neutral,usually get school
joy,look bye
joy,car
neutral,yes jane invited dinner new restaurant opened near us
sadness,julie devastated discover adopted sets find natural parents
sadness,bad good company
sadness,best friend failed exams leave got separated
anger,one minister miffed yesterday found seat occupied journalist talking fellow cabinet member meeting began
neutral,coco lee
sadness,flute teacher replaced new one
joy,sounds good
joy,admited chinese university hong kong day results announced looked newspaper saw candidature number
joy,good happy birthday
joy,sure thank inviting
neutral,liked
sadness,brother th family passed away
joy,broke jim miller let go indian whoop relief delighted grins spread across faces everyone group
sadness,girlfriend let badly times one week instances summed negative aspects relationship time seemed doomed fail
fear,ok call security
neutral,sorry know
fear,child heard floor cracking thought burglar house hid blanket trembled
anger,exactly
neutral,mixing cosmetic brands works goforit macmakeupla makeupjojo makeupbyeric cosmetichappy xo
anger,yes joined group bus tour morning promised journey last hours visit sightseeing spots
anger,mom wear helmet drive sane promise
sadness,uncle mine close passed away stroke first daughter could named
neutral,oh yes
fear,les mecs la sortie du metro gdn et qui attendent que tu passes pour degainer leur toupie lumineuse
anger,treats everyone pretty poorly way treats really takes cake
joy,going friend wedding seeing many old friends known moved new district five years previously
anger,men got resentful women working hours co op
neutral,wrong
sadness,believe guess ten tonight
neutral,forgive darling tired
joy,welcome birthday party happy come
sadness,sometimes think feel sad
joy,tell truth pleased russell sitting coach us
joy,started new branch studies failed former one got back exam papers happy know almost full marks
sadness,afraid
sadness,soon developed disillusion town death toll grew ended jubilant relief unmixed sorrow memory towns folk would return
anger,hairdresser got two stains dyestuff new trousers stains removable cannot put trousers
neutral,liked physics math really arcs curves velocity cool stuff
anger,serious zina back bottle pepper spray pocket
anger,paying
sadness,documentary baby fur seals clubbed spiked death canadian sealhunters brutally graphic description disfigured orphaned child hiroshima calling mother
neutral,stop wait lights turn green
anger,bummer set
joy,agreed go last
joy,black ball final ball pockets
neutral,never know shake hands tell something
fear,toes get chopped see cutting knife slip bench
joy,friend told really likes
anger,mother time trying separate good friend thought good company finally breakfast one day argument tried defend friend
sadness,found ability ordinary work worse fellow mates
joy,performance excellent
fear,slept short time woke feeling someone standing beside frightened turn light turn light several minutes able get sleep
joy,sure talking
fear,third group backbenchers concerned cross media ownership new channels bill
sadness,bad start day stuck bad traffic jam way missed morning meeting
anger,king furious tricked nothing pair animals
joy,well imagine old
sadness,succeded getting job translator wanted
fear,elaine voice concerned deep inside hoped would decide go party
neutral,sounds like pretty cute think
anger,oh great stupid computer froze third time today hey samuel come take look pc acting must virus something
anger,trust even handle simple plane reservations
joy,filled joy heard selected come kamuzu college nursing
fear,woke night find fire spreading towards bed rooms frightened realized faced death
joy,weekend homecoming saw sister first time months best friend extremely close
neutral,yeah yeah today lesson creation universe
neutral,well careful thanks letting know
fear,fear hurt relationship usually causes stay single fear getting attached person
fear,must haunted house frightened
anger,aunt scolded something responsible boy come gate asking aunt went see neither met known boy
fear,doris glad home terrified know
anger,made good living seemed resentful wife decision take lodger
sadness,close friend drowned american river
sadness,disappointed love girl made end relationship thought love
neutral,worry handle know boss even informal evening make good impression get totally drunk front
anger,yes fill form anyway emergency room
joy,one greatest joiy succeded acquiring motorcycle efforts
sadness,sometimes alone seized feeling always helps come round time judge worth often feeling caused people friends love respect
joy,returning school rejoining girlfriend months separation summer
sadness,first girlfriend left
sadness,kurzlinger hated voss done man grief murdered love underestimated
sadness,well leaving japan going back london tomorrow
fear,johnnorlin tells us sacrificed others tells us time worry future xa xa luke
anger,soud like neighbours hell
anger,exasperated galileo able show inadequacy rival position characteristically witty way
fear,horrified mother made public appeal return ring given husband alfed years ago
anger,oh men
neutral,winning piece cake
joy,mr mitterrand appears delighted ultra courteous edouard balladur socialists wonder whether last found prime minister dreams
fear,lived flat couple woman jealous sometimes crying fits eventually husband could stand wanted kill
sadness,uncle died vietnam war
fear,afraid beginning look little overweight really need stop smoking main reason unhealthy
anger,people without permission pry belongings take things
neutral,boston
joy,cousin mine discharged hospital long illness thought illness would never end
anger,argument best friend thought right
sadness,come back village last christmas
joy,sure like
anger,looked exasperation gazed wide deep blue eyes
sadness,colleague failed contact arranged time
anger,school dance supposed best friend kept walking away whenever came near
joy,lovely weather help water flowers jack
sadness,finished first draft professor said poorly written rewrite depressing
anger,really looking forward getting away far away
fear,travelling back home boat two friends mine lovely holiday trip night sea dark wind blowing feared death boat somehow felt sure feared left alone
joy,day got know would get shared dwelling boyfriend parents place getting little crowded growing bother wanting room first felt doubt joy also sadness feeling joy strongest
neutral,people get married young
neutral,oh remember cut terrible calls say anything
fear,failed first exam higher institute
sadness,plodding lugubrious fellow delighted wodehousian name
anger,ok let go one time want anymore ruined dyed blouses
neutral,happened quarrel
neutral,hi jim
neutral,speak english class teacher explain everything spanish
sadness,oh sorry interrupt calling say goodbye awfully sorry tell afraid could see airport tomorrow attend important meeting
fear,possibility failed examination
fear,cantor sing psalms church several weeks ago sing organist tell time know psalm afraid said could sing
sadness,christmas day grandmother died received news coming back party th
sadness,found could go concert buying tickets biology test occurred morning
joy,getting university
fear,bad really like
fear,ok im scared im one house guess im going sleep
joy,got points exam statistics result unexpected made realize statistics surpass abilities sometimes thought
fear,relatives car going slowly frozen road
joy,received result slip higher level examination university entrance exam saw good possibility accepted university felt excited
joy,going village rather oppressed madrid
neutral,mine little young suggest wait late twenties even early thirties good career
anger,outrageous conduct relative towards close blaming us lying
neutral,also feel work efficiency high strong working ability professional skill seems know really wonderful
joy,best man brother wedding year ago
fear,almost fell rocks acting foolishly playing dangerously
joy,minton sober workmanlike drawings instance delight registering rhythmic activity industrial shapes
joy,party home way get together celebrate
sadness,another person mother died
anger,live weeks ago woke man end bed coming bed really angry told get surprised hesitated started move towards backed kept telling loudly firmly go got initiative succeeded powerful message
fear,got ill
sadness,death pet rabbit give away brother became allergic gave man kept animals lots animals children watch went visit rabbit badly beaten rabbits eventually died
joy,course afraid much dancer
sadness,like little girl crying dead mother calling name sad
joy,programme meetings rolled sometimes many presentations day horsley exhilarated amazed excited
sadness,sorry know wanna help
neutral,getting stuck traffic jams driving
joy,receiving personal letter lady like revealed enthusiastic thought possible
joy,time ago close relative mine got cheap worst
fear,frightened night fearful terrifying dream could go back sleep long time
neutral,yes sir
anger,colleague asked help work despite fact time
joy,disappointment private life friend studies vienna came see spontaneously
fear,dad stormy outside
neutral,snipers
fear,oh scared
sadness,close friend took leave went israel one year
fear,tutorial group soon divided got list names freshmen five group read names group went way seminar room wondered would cope new situation would succeed group leader
sadness,fact mother getting married mother father divorced years ago means probably move turku home one family house sold living home past six years
neutral,also criticizes raise kids
fear,walking around university night previously warned rapes etc
anger,infuriated milan cardinal told city governor chief police governor would excommunicated landriani immediately released back convent
fear,stayed alone dark night mountain waiting uncle remember took big stone calmed
joy,happy volkswagen tour enabled us welcome renowned orchestra festival first time
joy,always
neutral,right
sadness,lower six class summer joined research group chinese university student union knew lot cv students year later one travelling mainland china got died weeks coming back got together funeral looked body last time felt extremely sad
sadness,yes maybe like street shopping variety sorry like malls
neutral,mrs thou
fear,gone medical check failed make back time practical sessions hours last academic year
fear,rose excessively clinging behaviour anxious clive either late often away extended business trip
anger,father made mother go really terrible situations felt furious impotent nervous upset
anger,uncleaniness work place place generally clean reaches point get angry person supposed clean place people supposed supervise
fear,amusement park ride marriots great america went way air around around heights favorite spots life
anger,dare question statement
anger,well made quite mistakes monthly report supervisor found manager blamed
joy,found passed last two exams margin three marks
sadness,sorry
fear,dentist waiting turn come
neutral,really
neutral,free time nancy
fear,wat du fink success sucks much stress guess blew quick success jay
anger,wanted knew spoke blow decided go home called later night answer phone
anger,jean paul gave sigh exasperation
joy,friend told would come meet moment
sadness,death grandmother
joy,check mom closet bet still something
neutral,li na would ask done
joy,realized loved someone opposite sex
neutral,beginning matter someone gets one ball set
anger,time deepening anger streets price liberalisation hardliners forgo chance
joy,got stereo walkman father finacial difficulties thought although promised give present obliged
sadness,grandmother died cancer
fear,years old fell severely ill bed ridden months felt scared health studies
sadness,holidays girl friend leave weeks stay turkey weeks job
fear,walking back gas station brooklyns moko faisal saw dog without leash freaked hell
anger,dare accuse stealing computer
joy,great weekend
anger,without permission son made popcorn coming back school consequences spoilt kettle chaos kitchen could happened hot grease
sadness,rushed hospital devastated daughter suzanne went ahead service knowing would live die
joy,pretty good thanks going see uncle
anger,angry father give much money brother use studying brother better
anger,quite recently football match national teams bulgaria france felt strong anger scottish referee ran match quite partially
joy,achieved first university long string highest mark awarded conceded pass
anger,direktor felt first time deeply resentful fact part choosing programme
fear,years protected seed time become beautiful flower paul
neutral,sorry
fear,bitten dog
fear,twitter never see run fast bibilynch right
anger,university withdrew accomodation given
anger,necessary organise competition connection celebration everyone present event turned audience everyone pretended intelligent one come got furious
joy,final marks given morning wanted get late afraid arrived everybody happy also passed wonderful time day long
anger,nice
anger,costs think run car especially many things wrong
joy,hi monica congratulations presentation meeting successful everyone impressed speech persuasive bet clients convinced invest money project really made big contribution company
joy,remember religious experience gospel camp friends mine decided believe god joy felt time words express blessed praised god heart
neutral,hey mary
joy,getting university medicine
neutral,restaurant meeting smiths
joy,surge elation rushed body read note third time unable believe implications reading
fear,asked could make identical one trimmed black fur beading instead horrified agreed end
anger,firm years hate see go drain due poor leadership skills
anger,better limit damage control anger make nothing pretend mind
sadness,fight sister know care
joy,joyful received present books pencil headmaster standard passed became said one pupils good behaviour
anger,yes might told
sadness,communiqu finance ministers could usefully point current despair eastern germany overdone
fear,years old frequently pursued others got sound thrashes
anger,hitch hiked way back town rather drunk dropped another town unknown us needed urinate wall turned belong military headquarters arrested made pay fine pts go home foot km since late anyone give us lift
anger,angry university tutorial ignorant loudmouth persisted trying dominate conversation
sadness,first could understand whispering explained properly filled desolate despairing horror
neutral,august st
sadness,kind life making life miserable extreme since felt responsible making miserable
anger,one day elder brother badly scolded father first time heard abusive language brother requested humbly use kind language care saying finally picked axe use meanwhile people intervened
joy,write get settled much might wait really write love write letters think meaning emails even phone call
sadness,still hurts thought loved
anger,comrade staying next doors insulted called misuse iron called stupid self centered etc wanted punch instead went walk mining school cool
joy,thanks dropping
joy,ok pm
sadness,boyfriend decided make end relationship
anger,one first boyfriends got mad lot close friends guys want see anymore jealous
sadness,pet died pet closest friend years
sadness,way back inter rail board ferry stockholm father called clock tell uncle died would seeing final journey within four days
anger,erika stamped foot vexation
joy,got married
sadness,got lost coming back guess really know town yet
neutral,tarzan
fear,doctor told something wrong eye undergo operation
fear,every time see spider snake
anger,certain man went parents told married school went home holidays parents asked angry man
joy,sailing boat night full moon listening pink floyd drinking good wine good company boat steered autopilot full eclipse moon
anger,nuisance used live flat month ago experienced feeling tried chase
neutral,lecture begin
fear,voiced disquiet ana laughed
fear,short stay marocco missed ferry boat back spain look accomodation chance met man offered take us camping site sitting car terribly afraid heard people robbed marocco
joy,lesley totally happy
sadness,got divorced husband ten years marriage
sadness,mother operated
sadness,death family dog
sadness,home alone realized young roe approached house hid want frighten limped time later thought already run away saw lying terrace came nearer saw terribly wounded informed ranger said roe must attacked dogs shoot
joy,passed first year could come back second year
sadness,likely simply lying bed state dejection perhaps remorse massacre possessions generally thought necessary
anger,got caught pouring rain last thursday raincoat
sadness,sorry leave
neutral,mr yes
joy,spoke daughter wished luck examinations take
anger,care
joy,weather like washington time year
anger,look quite indignant looked
sadness,okay right back congratulations manager approved final price
fear,priest became agitated
fear,notmarcstaal offer strip tease wife currently hormonal might kill
sadness,insulted mother
joy,barb
fear,agitated old lady addressed ramsey severely asked go back country good instead stirring trouble united states
joy,succeed writing something felt felt well happy able express something suffocating
anger,kidding
neutral,critics happy movies made recently bother
joy,sense joy comes always period depression organic feeling upsurge exclude situative feeling case reason
joy,makes sense think thanks help
sadness,happened alone contacts friends
sadness,chosen english lectures girl friend chosen
anger,partner attacked lost three teeth
joy,face lit delighted smile gazed abandoned plate half eaten sandwiches nearby table
fear,son pain leg apparent reason
fear,going bring back girlfriend la meet parents
fear,taken exam feared failed
joy,went doctor complaint doctor told completely healthy
joy,nevertheless writer however self sufficient writes without thought audience tolkien happy discover anyone could appreciate
anger,already suffered enough without listening anymore
neutral,regular study routine following important right
sadness,felt sad give something right mine although get kind souvenir people give right
sadness,sorry sir flight cancelled due mechanical problems
joy,sent leeds united squad picture evening post adorns office wall much amusement colleagues
fear,kendall hume turned back face dismayed couple
neutral,would much enjoy taking psychology class crazy
joy,overwhelmed scene
neutral,april fool
sadness,happy melody morning broken followed sadness family friends choked many words
neutral,place
anger,two boys know telling indecent manner teased young shy girl know despised conviction scorned touched got angry try conceal gave back
sadness,friend still trusts friend
fear,going glass door sustained number serious cuts gaping open
neutral,hi
joy,friends mine asked go camping fortnight
sadness,friend leave
joy,ellen gave amused glance
fear,myfoxla reporting basis please stop trying place fear viewers uncool occupyla ows
anger,angry morning missed train university
sadness,love much know want alone please keep quiet
joy,friend see long time relationship much union interaction one year see appeared home talked
anger,making blood boil
sadness,afraid put one quarter one dime
neutral,come little labor much health
neutral,mosquitos biting
anger,something unpleasant talk upon arrival first consignment found sixty cases pineapples leaking
neutral,oh car working waiting tow truck
joy,wayne sue close friends announced guardians ther wedding
sadness,hello kevin hate cancel appointment
sadness,katherine could feel anguish second time day tears slid cheeks
fear,fear future work making ends meet health coping
anger,lent text book person know well lost text book gave compensation
anger,drunken friend mine beating another friend also drunk
neutral,thanks lovely day pity duty
anger,finding excuse obviously alley trying avoid taking care children good
sadness,girl loved turned
anger,patient expected get well suddenly passed away showed meals
neutral,mean push ups
sadness,poor old john ever sorry
joy,passing difficult examination expect mce
neutral,think caught cold aching
fear,pathien selon doctissimo le verdict est sans appel cancer du cerveau
sadness,friend go field trips told
anger,self losing important game
joy,grew excited
sadness,yeovil town captain mark shail heartbroken last night rash moment may cost chance playing dream fa cup tie arsenal
fear,years ago way school forest path came across exhibitionist
neutral,sometimes takes long find exact information looking besides like read magazine coffee bar sometimes
sadness,must dreadful grow old
sadness,girlfriend left
neutral,ten years far started learning middle school
anger,want argue anymore please get life
sadness,felt sad heard girlfriend double crossing boy best friend
sadness,sorry sir never done
neutral,course always much learn got know real world
anger,friend mine uses butter instead oil cooking always angry unnecessary luxury recently cooking wanted use butter already put oil pan poured put butter pan
joy,encounter man love long separation
neutral,score
fear,look horrified
anger,ceo anyway know ceo makes money company actually
neutral,hope looking material paper writing quite sure look
anger,wonder superintendent miller become exasperated
fear,ah thanks
joy,henry tyler would described happy woman afterward could say seemed unwell
neutral,right soon terrified watched fall wire
sadness,father left us another woman
fear,almost bicycle accident
sadness,looked eyes saw terrible pain inconsolable grief
anger,locked
fear,sweden friend lived appartment owned finn one day man came back appartment heavily drunk hashish alcohol quite dizzy broke could foretell reactions however nothing happened
anger,sometime back another girl terms ex boyfriend came shout twelve midnight thought still interested boy
sadness,issue worried rather saddening mid september went guanggho alone looking accomodation evening walked miles still could find anything could worried sleeping streets procedural problems finally found place sleep clock
fear,almost always go fetch results exam
joy,obtained good marks subject failed
anger,one night could practise violin family watching lights wanted listen tapes dark asked brother bring torch however scolded angry slammed violin floor
joy,showjumping brookfield show competition stiff many riders competing
fear,armed robbers broke house night
fear,sleeping alone tent hearing several noises rustling etc afraid people good
sadness,person really like left overseas months hoped go soon
sadness,real research suggest needed condition though frequently rib tickling retrospect causes widespread anguish time
sadness,sad heard uncle passed away untimely home
anger,felt anger saw misleaded boyfriend went girls felt anger falsity
neutral,always sometimes understand repeat said
neutral,maybe right lazy lately
fear,grant wakening kids discovered dismay cubicles held four occupants sleeping bunk beds
anger,failed elected class leader
anger,buy story
fear,resist launch deep
sadness,keep saying yuri fault one sorry suggested operations first place oh
fear,polanski received notices similar disquiet films
neutral,two carats
anger,good heavens bring frog house
fear,speaking front large group people
sadness,mother died month later heartbroken loss mate
neutral,heart
fear,washington understanding much disquiet british defence policy
fear,went urologist afraid several reasons first time medical check might painful uncertainty someone informed
neutral,bit
fear,one year mother almost nervous breakdown father serious operation afraid family kids oldest hold together everything turned fine
neutral,way
neutral,nothing
sadness,iqam chosen lecture best friend angry cannot help
fear,know sure something wrong
anger,cleaned kitchen two hours later saw big mess irritated much
anger,really know break eating alive
fear,feeling little frightened dead body behind cart depressed autumn fog stopped beer pub met jan coggan laban tall
neutral,good
joy,went job interview met person nice attitude made glad
anger,damn
sadness,grandfather died
fear,alarmed hungarians initially kept threat since raised issue private within warsaw pact certain western governments
anger,got argument photographer pose twelve times period four weeks could get snap mine every time film processed snap come although others
neutral,pieces
sadness,felt sadness get separated woman loved leave motherland
joy,one saturday afternoon deliberately dressed nicely bad mood late hoped go walk soft sunlight try uplift spirits lunch canteen two male classmates asked dressed nicely seldom joked one said lounge suit would look nice wore together
anger,became clear man used many people sexually psychologically despite fact many people looked understood one could trust forced hide
sadness,afraid fashion last year year last fashion year shoes fashion
joy,happy received year end results worried well done happy know passed
sadness,one unnamed area criticised appeared industrial dereliction sad downcast people
fear,news brought news way family ever fly sad true sucks actually
neutral,never
neutral,let go
neutral,oh history
joy,way would like dinner tomorrow evening tomorrow birthday
fear,wake morning eat flakes buck go work poverty wages send kids fear war get sick go broke repeat
joy,new year eve met girlfriend stood steps outside parents home kissed first time
fear,day first met told never fall know know really
anger,told friend something confidential supposed remain two us next thing happened girl even close us came laughing askad tell angry friend trusted
anger,initial anger finding latest two victims insane killer bloodlust blazed consuming hatred man done
anger,old lady slipped nobody helped
anger,friend called told wanted come see lived village km distance fom home town next morning expected arrive got impatient called parents told gone skiing angry cancelled appointment able see
anger,one day clinic father child came assaulted colleague something done deliberately
joy,right
sadness,afraid made mistake ordered
joy,yes proud loans
anger,planned study mid term exams certain day room mate called ask go stroll tried make excuse go refused listen insisted go find unnecessary talk anymore
fear,walk home dark first time
sadness,worst best day life taylor kept hospital
joy,eighteen friends birthday party tonight want come
neutral,last night met great guy bar wonderful time decided meet tonight
joy,brother bought nice pair shoes south africa
anger,boys deliberately played tricks experiments
anger,close friend mine refused entrance medical school grades good left biased judgment
fear,well birthday surprise fail professor chronic bitch face freaked ran threw gifts ran
sadness,misquote itinerant miserable
neutral,yuan
joy,smiled raised rather amused brows stories tumbled fergus progress
joy,hello gina spoken many times phone good finally meet person
joy,fine want anything eat
neutral,yeah probably stay relax maybe watch movies
sadness,feel must somebody talk somebody alone
joy,last finished master thesis felt great joy relief haunted thesis whole studies
anger,boyfriend promised take see game tennis rang saying going pub friends instead
sadness,manager graeme souness touchline ban meant could watch anguish directors box
sadness,forgot lyrics song contest
joy,book also moves close highly critical analysis science yet never becomes anti science anti scientific jones delight physics enthusiastically drawing sting criticism
sadness,feel sad event influence
fear,seeing look dismay mother face tamar continued telling lie
sadness,yes know regret much
neutral,almost
fear,fuck girl anger silly questions make sweat temperature near thrill youprefer
joy,captain school swimming team team two points front last relay relay swam thus team championship
fear,dad scared
joy,estate agents overjoyed election result
sadness,breakfast classmate suddenly began cry thought friend mine seen long time
joy,sitting alone quiet room concentrating things happening around pleases
sadness,conflict interest close friend mine thought interest friendship behaviour hurt friends another incident friend isolated without giving reasons
anger,simply tins damaged
joy,experiment getting appropriate result despite fact repeated procedure times finally got right stroke luck
fear,vertigo standing ladder painting house
neutral,us
neutral,old fashioned nobody going pull pants
joy,satisfactory result recently completed university subject communicated phone
joy,lucky hope get married guy like
sadness,let see oh awfully sorry sir
sadness,breaking girl
sadness,hearing death grandfather first could believe later wept felt situation hopeless felt lonely wanted consolated
anger,darn oh well guess day thanks anyway
sadness,death twin sister suicide
anger,get home late father scolds makes angry
fear,fear father parents first became pregnant afraid delivery whether would give birth stiiborn baby
fear,blank horror khmer rouge atrocities created blind spot strength cambodia growing likelihood return power either cambodian opposition factions
anger,high school guys sometimes provoked friend mine called pig grunted irritated girls one girls got angry friend said something nasty made terribly angry
anger,bean send dirty jokes look
anger,felt unfairly treated airport told use different counter domestic traffic
sadness,think parents getting old
neutral,position play
neutral,honestly believe world improving every year
sadness,know tell problem know right work university legal job illegal get job elsewhere
joy,mother tremendous phone talked hours good mood
sadness,sister died sixteen put rest
anger,something journalist manner goaded blanche exasperation anger
joy,replied endeavouring conceal excitement
sadness,dad gives priority kid brother band activities play different bands rehearse parents garage
sadness,yeah bit despondent really
fear,ever really naughty would sent away mum dad another family fostered age get mum dad legally adopted
sadness,heartbroken mother transplant donor paula moss leaving england work missionary
fear,one evening gone fishing friends heard roar lion near run lives
joy,happened selected go secondary school start form october
fear,child dreamed fire since time wanted sleep bed feared night darkness
joy,many labour mps could hide glee snp action antipathy cross party co operation
anger,stopped fast food shop friends locals wanted fight us apparent reason hit picked one friends
joy,sure
joy,talking close friend
fear,climbing mountain got stuck realized could get neither
fear,air pushing gears turned hate turned
sadness,deeply depressed spiro makes several rambling statements money problems
fear,actions particular unexpected introduction constitutional amendment allowing elected vice president subsequent appointment moudud ahmed post caused disquiet among party members
joy,old man answered knock big face split delighted grin saw
anger,person close mistook good intentions bad therefore associated unpleasant traits
sadness,oh sorry change another one prefer
joy,fans great like philadelphia
anger,going anyway get way
fear,unfortunately anxious stressed people become acutely sensitive fluctuations making worse concern
sadness,scorning establishment left homes heartbroken parents
fear,father angry locked shower father knocked fist door scared death
fear,watch patrick
sadness,heartbroken daniels watched going moved break golden rule speaking spoken
neutral,let go wait
sadness,lost grandfather loved much known ill time received message already dead
joy,aristophanes shook handsome head friend amusement
joy,receiving letter form girl means lot emotionally
joy,debbie would pleased said
fear,day results certificate exam came went school first feel frightened time reached fourth floor results given fifth floor found difficult walk felt would die
anger,benedict feet overturning chair one violent gesture face livid fury turned theda
joy,selected come university college least expecting
fear,little grimace turned stare rather horrified fascination dark oil paintings lined walls
neutral,works
sadness,alone parents house made plans spend afternoon lover plans lover cancelled watching movie considering life circumstances pressures examinations particular
sadness,dam running money really need balance budget handle money better
fear,brother hit head lost consciousness sports practice time could remember happened recovered later
anger,things besides polite nosey
sadness,hmm bad
fear,last forever last til person gets confronts til someone badder comes along
joy,oh jack wonderful
fear,holiday france made walk woods alone relaxed motorbike took saw man watching time suddenly man stood behing ran away fast
anger,subject unfair treatment working group someone bending rules protected boss resulted work others
joy,mention always willing help good students
joy,met good friend long time quarrel two weeks really glad see
neutral,ride home
fear,less years old neighbour dog chased roof small shed seemed hope getting away
sadness,course sorry pajamas work
anger,receiving personal criticisms early morning
fear,damaged tap residental hall
anger,cross come time enid short
fear,ur child worry wart tip wilma jean worry machine genuinely accept child
fear,six years old holiday france heavy weather
sadness,leave girlfriend weeks studies happens frequently last hours departure always depressing
neutral,okay
neutral,let go computer see think well
neutral,like playing chess
joy,solo flight ardmore kaikohe got pilot licence remember gorgeous day natural high cruising coast maps compasses gear pilots seen wished good luck real adventure
joy,prospect finding gold induced excited men make frantic efforts open barrow
joy,sure glad rain name mike gates way
fear,studying class night form ii rumours earthquake night dogs chasing one another passed window outside classroom saw dogs thought lion terrified trying run away desks dragged shaking movement thought earthquake jumped window
sadness,sorry late
fear,afraid lose scares way till proven wrong
sadness,mother good friend mine died
joy,saturday duties hours could last people wanted see
sadness,news natural calamity earthquake hundreds mexican people died
anger,care headache
fear,father involved car accident two years ago scared thinking would die lay unconscious hospital two weeks
sadness,politicians objected mrs thatcher radical conviction politics suffered anguish apparently unresolvable frustration
sadness,sorry
neutral,good idea
anger,everything mindlessly going drive crazy
anger,yeah head hurts physics class day killer
fear,decided leave steady secure employment come university know could cope requirements study also older know would enjoy mixing younger people also financial insecurity
anger,thief broke house stole valuable goods
joy,liked thought great
sadness,top floor old house cold miserable
joy,happened excitement thought seeing czechoslovakia ebbed
fear,gillray avaricious monarch affront voluptuary suffering horrors dissipation
joy,said pleased provide back visitor packs etc would inform request
anger,saw enraged started towards seer axe
fear,need swear anything punch mrs wake dick pillow next bloody scissors
sadness,grandmother died stayed us age died remember moment funeral sat table cried
neutral,wow sure
anger,mean daddy gave car birthday last month brand new
sadness,going go vacation texas summer unable go registration
sadness,son gone heart gone know spend rest years
fear,lot people biggest death lot others clowns biggest fear death clowns nothing scarier
sadness,became conscious men wnat anything goal sex important
neutral,take easy sufferings reward
anger,computer crashed third time today
neutral,wait right use computers
anger,know ok girl forget big days guy unforgivable
anger,got angry learned short time prepare term examinations
sadness,felt sad told walk classroom within row students making noise
neutral,usually ride bike form transport prefer use
anger,passing buck hanged ask go park us
sadness,says happy england sad relatives
anger,happened recently dining hall one friends eating called fool
fear,drake still realist song ever made way explicit fakes rs
anger,failed test miserably friend well someone made nasty comment comparing friend
sadness,mother unwell went many cancer tests spent time hospital opened closed many times
anger,age parents central heating like furnace center living room used cook heat house even dry clothes never caught cold grateful
anger,little offended bagshot put key lock opened door
anger,put class leaders
neutral,yes sir
anger,males family try assign house duties exclusively referance sex
sadness,current work load much feeling comes back time time
joy,look like happy woman
neutral,two waves
joy,husband suddenly came see new job brought flowers cake
neutral,oh yes men women children shake hands time
sadness,david coped grief trying save youngsters solvent abuse
anger,trouble boyfriend forget valentine day
fear,night walk home past forest somebody got stabbed forest imagine someone attacking hurry
anger,cheating pass go collect everyone knows
joy,requested say dancing shoes
sadness,feel despair deceived betrayed
fear,tears hold value drop one every single thing showed us standing puddle
sadness,getting separated family week caused sense sadness
joy,came part clip glanced saw flare excitement silvery green eyes dropped page
anger,care allen steal question
neutral,yuan
joy,moment got news selected junior national research fellowship dream come true
sadness,stayed abroad long time remembered friends relatives felt sad wanted see soon possible
joy,glancing face cassie saw expression change face darkening hardening mounting excitement desire seemed quicken something uncontainable threatening like tide incoming sea engulf
anger,friend deeply trusted happened lost confidence blame
sadness,felt lonely writing family
joy,time get results drew near became anxious friend called said passed heart full joy
anger,seeing uncertain child work model several hours watched bully age destroy telling child worthless
anger,girls talking rubbish
sadness,years ago family decided move new york california time decided move time left realized much friends cared left long time sad
sadness,felt sadness notice important determinate person many things friend see soon anything us thinks us
joy,nice say
joy,found got accepted berkeley
joy,gave mom gift wanted years raflected joy
anger,crazy football team lost goal paulist championship lost classifications
sadness,searched everywhere earth put
sadness,oh god
anger,arrested nothing
neutral,john prison copped outstealing
anger,last year friend visiting several days thing sleeping drinking taking pills thinking
anger,father accused brother bumped car wrong
joy,passed mce examinations
neutral,aha understand trying buy stolen goods sidewalk think deserve get cheated
anger,father addressed directly maliciously thus including family war
fear,cut gash bigger cut ah need doctor
fear,spaniard becoming agitated wondering whether already gone far
sadness,girlfriend gave mitten left
joy,highly delighted transaction made way back althorp street wondering break news mrs sugden
sadness,stage normally expected experience grief main feeling shock
joy,asked child godmother
sadness,felt would caused pain anguish william harry
sadness,nephew mother left one day brother married nephew anthony shaken sad similar situation happened
joy,got top mark exam
neutral,well
fear,found involved fight person died intervene risk
anger,argument friends knew right friends went arguing even though know right thing
neutral,would
joy,together best friend
sadness,sadness tinged guilt
sadness,afraid sir
neutral,find us table get drinks
fear,process spotting refusing obey source true empowerment martha beck
anger,angry read batty comments leeds
neutral,guess
fear,let grab tongue let confine heart life short live mundane existence milla
neutral,shandong
fear,rose stood looking worried expression eyes
fear,climbed cherry tree alone thick caterpillar beside fingers feel disgusted caterpillars snakes terribly afraid caterpillar crawling fingers fear almost unable climb
joy,riot police needed quell pitch invasions ecstatic leeds united fans took part carnival style street party yesterday team paraded league championship trophy
neutral,signed join company christmas party
fear,food thought falling loud noises fears born others learned life experiences
anger,way given many chances already
sadness,knew almost day two great friends mine serious existential crisis mainly notice situation realize
fear,entered dissecting room anatomy class saw several dead bodies lying benches
anger,exactly going decided create company going write business plan get investors start working
fear,may clever enough understand english lectures
neutral,ten
joy,achievement task friend begun new job confident handling situation thinking leaving job days employment
sadness,still love
anger,got kidding complaining talking phone go cigarette break ten times day shoot breeze
neutral,aug
fear,vanessadetwiler necessarily bad thing long compromise ability desire recognize embrace truth
joy,told quite unexpectedly one wanted become vice chairman student organisation really surprised joy first emotion felt though behind worry shall succeed
neutral,football player
sadness,father passed away left alone mother sick go live aunt short tempered till mother discharged hospital
joy,nice thank time
fear,antoinette grew weaker left bed hardly became frightened left alone
sadness,sorry sir could tell name order please check delay
fear,told attend operation theatre
joy,end little real choice join exactly enjoy least take comfort gratification
sadness,sleep began remind childhood many sisters time spanked lot know started remind spanks shouts happened
joy,afternoon rushed home look result slip higher level fast possible opened envelope carefully found results much better expected thus could enter chinese university diligence paid happy
neutral,certainly try help topic paper
anger,superior blamed neglects work front others fact task question supposed done
joy,new born child
neutral,nothing definite think list anything first meet somebody usually tell whether person going good friend seems radar helping spot new friends
anger,unjust refree decision sports event team leader
anger,silly boy dustbin back school pick paperand put dustbiri
anger,someone family brother suspected ate bun made long telephone call made put oven warming drawer
anger,get angry smaller brother misbehaves talks indecent words
sadness,want play table tennis
fear,tina children moved school cecilia felt dismay guilty relief
anger,vexed john
joy,emily suddenly felt surge elation eager new experience introduced considered world adulthood
anger,said thing three months ago
joy,great wait enough room amplifiers microphones even drums way keep practice
anger,says old plumpton gets mad
joy,passing malawi certificate education exam selected kamuzu college nursing
fear,going disco wait friends separated planned meet sure even going place felt conscious alone
joy,see like
fear,brother went shoot wild ducks feared boat would overturn would drown gun would accidentally go
anger,playing football tournament saw rules openly disregarded
joy,pass exam
fear,godspurs gotta vanners deadly reliable even werent think opposition think
neutral,short
fear,dead serious sally
neutral,yes think right thinking child yet
fear,cottage large forest alone dark
sadness,heard death aunt
anger,treated unfairly hurt someone love
sadness,whether cries anguish alone justified remains seen
fear,living brother one day went away business left alone look house property night thieves came wanted break house
sadness,colleagues devastated popular wee girl
fear,brother driving brisbane drove back onto road perhaps cutting another car noticeable driver best drive us road hour
joy,met friends seen long time
anger,car journey fellow student crossed way car bump roadside trunk
anger,friend gone way something bother acknowledge efforts treated badly thereafter
anger,boyfriend dance graduation night thought could dance friends friendly
neutral,fine
sadness,performance drew applause press corps relieved approaching end least first election campaign year brought smiles previously glum ministerial faces
neutral,wow many people united states get divorced
fear,remember feeling new please scared
fear,people becoming concerned healthiness diet way life
joy,received letter acceptance university
joy,sea water treatments supposed really good
fear,thank much
sadness,remember despondency abd al karim forced surrender french
joy,finished homework important task
fear,gazed ruth face seemed fill horror
fear,given test lesson get job courage make test
fear,saw movie poltergist
joy,difficult tell whether disappointed pleased expected end seems delayed
joy,let go joy ride
sadness,mother suffers mental illness one night feeling well sent hospital scared would die night sad dare close eyes
anger,fine leave rules matter
anger,thought given tricky word one yet learned peeved succeeded
sadness,today told failed three courses
sadness,sometimes bodies minds seek excuses experience griefs may put aside denied face time
neutral,much classical music sends sleep
sadness,lucy known social butterfly taken many rich men ride know
anger,said absurd things false things filled ears inflated head seemed caught carcass heart wanted explode arm wanted knock world
sadness,worry anyway better
sadness,car accident way back weekend rowing regatta others car thought never able row
anger,life though ken could austere stubborn point provoked exasperation evident holiness blended cheerfulness seldom lost admiration affection contemporaries
fear,entire drunken family trying get play dance horendous
fear,quarreled boyfriend threatened leave
joy,august th heard radio passed exams really happy joyous event
fear,time work transferred another place quite harder job
joy,think pleased asked charles genially
sadness,ditched girlfriend
neutral,well clean house study stayed bed watched tv
sadness,mood
sadness,crammed living years people experience two lifetimes according heartbroken parents ken diana
neutral,planning walking ways since weather still nice
fear,traveling female railway carriage middle night italy
neutral,car run petrol
joy,night found absurd ever considered happy woman
joy,found parents initially rather shocked finding daughter pregnant cried got angry matter fact quite pleased
fear,car accident
joy,entered art competitions delighted reached finals
anger,unjust calumny concerning
neutral,rules playing cards vary different places
fear,left alone home one night brother
neutral,oh
joy,entered university year struggles
anger,really like record lent day
joy,long time saw girl love
anger,took part football match referee extremely partial opposite team stirred discontent anger
sadness,happened lost two intimate friends car accident
sadness,sorry sent several messages explain mom seriously ill look afer
neutral,well keep vegetables take meat stir fry wife made really hearty chunks beef slivers bell peppers onion
neutral,need
fear,anatomy alone first time
anger,impossible cheated
anger,accident trafic police car packed curve without visibility traffic regulations strong snowstorm result still cannot repair car missing spare parts
anger,look ways quit try nicotine patch nicotine chewing gum spend fortune cigarettes every month laws cracking allowing smoking public place like light like
fear,think time felt fear
sadness,months ago wife gave birth twin sisters idea looking babies felt quite oppressed fact help caused grief
fear,walking night saw fire suspended air split several segments something could see suspected witch craft
fear,year old grandfather underwent three successive operations single year third operation risky scared would die feared grandmother would sad
anger,one day room mate started imitating done hours back got angry started beating
anger,roommate moped stolen angry
fear,city terror stricken minicab drivers threatening quit jobs fear murder young cabbie
fear,dear god said beginning get rattled
sadness,uncle passed away last night
neutral,mumm
sadness,felt sad dear friend needed training school due failure number subjects simply know
fear,blanche disquieted sure
neutral,medicine
joy,met girl asked date agreed thought girl would never like emotion joy
sadness,dog bit delivery boy
fear,one alarmed glance apoplectic face mr loveitt said smoothly think get back facts
sadness,finding china still backward science
sadness,sad could take exams due illness relative mine disheartened
sadness,surely alone feeling profoundly sad called reprieve certain regiments british army
anger,grandmother highly authoritative person lives alone independent know live without commanding others hate
sadness,family heard death grandfather seen weeks earlier seemed waiting see us
joy,received best actor award inter college drama competition gave tremendous joy satisfaction lasted several days
joy,obvious delight food hard see blanc remains slim
fear,feel nervous
neutral,yeah
sadness,close friend residing hostel lost father really pittied situation made feel sad
neutral,john
sadness,overwhelmed grief kit evidently eyes felt otherwise
fear,seem nervous way
joy,meet old past pupils mine find well feel joy yesterday met young woman yrs taught yrs yrs seen last yrs longer waitress meter maid council
fear,grenade blew next
anger,mam got mad something done often something done used make moaning noises stagger house dying
fear,thrilling trip
joy,yes steven always know want
fear,americans petrified communism believed communists aiming world domination via domino effect one country another falling
neutral,hi ann
anger,classmate hit occipital region busy studying concentrating classnotes
joy,sounds great want dinner
joy,fell love
sadness,well last night big argument ann
sadness,dog died
joy,suppose overjoyed got friend rival camp
anger,may look mess threw waste everywhere
joy,accepted education university
neutral,like folk music much
fear,dont want one people god denys judgement day
anger,sue gets cross
joy,joy giving birth sharing joy husband moments complete happiness feelings much love
fear,make hours day reese witherspoon channel change channel amtweets
sadness,felt home saw discussion without sense parents
anger,mother slapped face felt anger moment
sadness,sorry sir pay check counter
sadness,away defence debate dr mowlam also yesterday spoke despair growing homeless problem constituency
sadness,one like job much wanted attend graduate school afraid would tough
sadness,gave away dog people without knowledge
fear,relatives seem concerned lack communication unavailability nurses
joy,school teacher teacher parent meeting received good deal positive feed back work parents pupils
joy,getting sent company expense trip another state work week plan
anger,yeah attitude great really unreliable sometimes really productive times take last tuesday instance forty five minutes late morning meeting
fear,felt fear asleep dreamed dying asfixiated cardiac attack afraid woke desperate altough afraid death afraid
sadness,left new york family friends behind
neutral,lot nerve telling us ads sucked
anger,berthon livid one cars butchered acknowledge handled better
sadness,parents meeting class saturday worried
sadness,sad get admission english college less marks wanted
anger,idea time
sadness,told good friend seriously ill
fear,next morning awoke anxious happened
sadness,came back holidays
anger,government announcement withdrawal student allowances
sadness,death animal reared
anger,remember school saw case partiality one teachers gave private coaching classes girls would give girls extra attention class would ignore others
sadness,yeah never want go
neutral,turtles whatever look required creation matter imbalance particles anti particles least math says
joy,happened finally confirmed stood first university exams days official results declared clerk brought results unofficially expecting results confirmation allowed legitimately feel happy success
joy,met good friend seen long time
anger,got know reaction friend mine certain situation expected react way
neutral,school china first time country
fear,fear paralysed like frightened rabbit
sadness,journey taken leisurely pace trailer yet despite dejection matt reminiscences caused pass rapidly
fear,given wristwatch first girl two days another girl mine also gave wristwatch
anger,dress things stolen wardrobe
fear,watching horror film
sadness,best friend suddenly acting strange towards
anger,doomed
joy,met friends seen last years
joy,night spent group friends
sadness,anguished groan escaped certain knowledge cara could say goodbye interview ever breathed word truth
fear,frightened time could tell girl frightened quick shallow breathing
joy,usual know
joy,many things morning go swimming boating afternoon play basketball tennis sit around camp fire night sing tell stories
joy,friend birthday party closest friends pleasant one could say happy good friends
fear,walking wood night boyfriend romantic suddenly heard car driving slowly lights looked looking something
anger,sent book friend mine book meant lot lost
anger,alice hour late
sadness,feel terrible
neutral,like cooking
joy,called boyfriend asked would live
joy,yes received scholarship times end
fear,lot pain extremely anxious condition
anger,one insider said last week sheer anger people taken everybody surprise
joy,went visit friend hospital undergo operation rupture glad hear operation succeeded relieved pain
joy,sounds fine around seven
fear,years old woke one night found alone home mother gone buy cigarattes machine
sadness,pity
fear,feared would able hand book report time started working late book difficult read teacher accept work handed late
sadness,sweatheart away trip got problems
joy,got anatomy first one ever gotten science class
anger,yeah anyway driving mad
fear,get admission sc sc felt really bad started journey bombay accepted uncle offer come bombay afraid wondering would succeed
fear,walking alone street late night quiet man approached said hello
sadness,afraid find parking meter
joy,hey mary nice see heard going back home
fear,big thanks joeyryanonline picture made night
joy,also impressed lines movie
neutral,lily smith
neutral,brain
sadness,oh poor alan sister one left since parents died last year
fear,given audition get role competitress well prepared ill
sadness,despondent renault worker remarked seems came close something new
sadness,close friend involved accident passed away instantly gone buy new car asked wait home could see new car
fear,kagan deeply concerned access child limited
anger,came back hostel bed full newspapers dirty clothes room mate asked wash clothes time responsibility food shared eaten ate little
joy,inter national sports events favourite national team player brings joy india world cup cricket match
fear,scared listen milli drake
joy,great let go skating together tomorrow
anger,thought
anger,attacked hordes cockroaches
anger,someone show meeting spite agreed come
sadness,learnt death friend
sadness,william inconsolable unable settle home continued travel extensively
joy,wonderful spanish style
fear,problems vary intensity parents concerned wean parents neglecting underfeeding children
neutral,scary
fear,mother entered surgery quadruple heart bypass felt intense fear time actually wheeled away
sadness,girlfriend spent months abroad broke relationship letter
neutral,hey
neutral,log computer
anger,insulted fellow student
sadness,death brother
joy,attending song contest proposed band called chyne us waited members band greet us front stage went minutes time close hall waiting entrance hall ten minutes three band members came excited see us one excited tears eyes felt warm close took us back hall talked freely together hour time felt sincere
anger,utterance intended joke taken offence opinion stupid got angry
fear,exam
joy,got big fish fishing
fear,film zombies
sadness,sad afforded welcome given beirut hostages told deeply moved audience agm last month
anger,look lot accumulated anger working conditions probably okay let steam probably good idea keep willing forgive forget
neutral,hi francis business trip
sadness,drunk couple beers fiancee got angry
anger,swept away millions cockroaches
fear,sometimes find shadow death front
joy,couple years ago summer holiday fishing lake husband suddenly started raining sun still shining experienced feeling joy happiness fulfillment whole nature full music
neutral,said always count need help
joy,scoared goal football match
joy,day happiest day received phone call eve weekly inform first prize india essay competition prize graduate even post graduates participated judged eminent judges political scientists
joy,think everything said delighted smile
anger,situation keeps occurring little sister disagrees vice versa similar temperaments always end feeling angry fighting much unimportant trivial matters
fear,car accident car total wipe wipe write
anger,boat eaten fast food whole week hate
fear,thinking death eternal unknown sense often laying bed dark quiet fear makes feel dizzy
fear,everyday game call factor
fear,failed pass examination wish studied hard
neutral,example
sadness,sorry bothered
sadness,brother law dying cancer see wasting away sad
fear,mother angry friends boyfriend
sadness,lost job unsure able find another one
fear,many supporters dr mcnab exchanged glances dismay words heard
neutral,bad thank help always busy job feel bit tired
fear,convinced someone broken flat woke heard sounds frightened
fear,used stutter lot days frightened boy
sadness,going
anger,discussion mother concerning sister divorce disagreed strongly
anger,made look fool teacher front class turn
anger,forgot last year well
anger,michelle raise head tess shoulder resentful words muffled
fear,went prayer meeting night unfortunately car broke sister said walk alone ndirande chirimba around midnight reached home afraid robbers dardness
neutral,right
fear,remember serve pork today see one friends family avoid probably muslim terrorists report
sadness,made disappointed
anger,friend male hinted talking men pub immoral implied remain boyfriend entire evening
joy,passed exam absolutely certain failed
anger,lady followed example rather suffer hands infuriated master
joy,expression became dreamy ecstatic
anger,situation responsibility employee habit late came late promising say would work minutes arrived hours later drinking
fear,things appear true know sure false
sadness,close friend lives another city writing long time last time went city see disappointed see great distance us
joy,thank help
neutral,nothing
fear,heart filled faith cant let go let god deal
neutral,hope
sadness,father failed business
joy,hello reading newspaper
joy,expert know
joy,term exams happened meet person respect think highly nice although see rarely forgotten
fear,two thumbs rotated one another always agitated looking way strike
joy,much time
joy,much pressure overtly unwittingly put grown children provide grandchildren delight grandparents
sadness,sorry think skirt color want call another one store see available
joy,joy joy meeting husband came home away weeks work railway station meet
joy,told psychology help people happier
sadness,unjust insult injure
fear,need job afford mistakes
joy,passed final examination school
neutral,bad
sadness,ignored fact could hear back
joy,sure beach going
neutral,mean saying
anger,certain boy went saying girlfriend wrote insulting letter called names
sadness,sounds really predictable usual absolutely heart rending time first lover rang one day announced found another woman never saw hurt positive true love
anger,yarning bored
neutral,okay
sadness,mood despairing despondent war weary apathetic rather rebellious
joy,yeah heard going lot fun
anger,oh
anger,honestly say never consumed intense annoyance never felt burning wrenching tension anger life petty frustrations
fear,first week school attempted climb tree reproved horrified prefect
sadness,death father
neutral,worry acrobat
sadness,sorry becky come phone right
sadness,oh afraid busy tomorrow evening
sadness,well lot pressure boss pushy assigned three projects deadlines near still finished projects
sadness,someone family died
anger,awful bear look think stand place two weeks
joy,thanks let decide one suits looks best occasion
sadness,sorry sir booked
sadness,findings indicate measurable differences normal depressed women
sadness,worried doctor afraid ill
anger,husband invited house neighbors got invitation part parents refuse result called words provoked anger
fear,far experiencing simple gratitude children likely feel terribly torn anxious faced foster parents offer affection
joy,little sister born
fear,mean hate love people rude awakening lmao
joy,happy anniversary sweetheart
sadness,diana took criticism heart avidly read said became depressed despondent
anger,doctor mccann turned exasperated face away addressed peg
fear,dark night go outdoor lavatory
joy,see
sadness,sven hjerson lugubrious face lit brief smile
sadness,saying goodbye friend
anger,dammit asked sunny side many times tell
fear,friend offended classmate unintentionally wanted apologize decided visit knew stubborn frightened rang door bell fear climax
neutral,laptop
sadness,periods feel totally inconsolable
anger,ann terrible
fear,large german shepherd dog ran barked bite fortunately
joy,two years ago somebody like much wanted give studies tried make understand importance going difficulty find job also decrease culture etc person made test college entrance examination great joy found succeded entering university
anger,serious dare tell going marry
anger,told got personality
sadness,working whole month late write another think hard work goes nothing could thing
joy,yeah right must stop complaining stick every day
joy,talking someone admire lot
neutral,need use internet
anger,emotion came certain boy opened locker without knowledge
joy,joyful heard passed standard exams day heard news day celebrated birthday
joy,friend took civo stadium watch listen music international singer sam mangwana hope going since money gave money admission
joy,hearing successful getting position whereby financial physical spiritual emotional needs well catered position fulfils lot aims last five years life
neutral,think two get married
neutral,please
fear,watching horror movie friends
anger,face darkened anger
fear,bechouston thanks great seeing hope home safe bed hanging
anger,caught peeping tom window getting undressed
sadness,class mate died
sadness,class excursion boat stockholm night class mates prepared celebrate motive life life merriment felt depressed way sought happiness
joy,believe years since got married
anger,face broke said fault
joy,made wonderful driend understands
anger,say work people department seem capable nice around take mary example smart enthusiastic never met anyone cheery
anger,charge mistake made
fear,tramping narrow path two us confronted woman two snarling dogs demanding get property via flooded river
anger,made mistakes exam
anger,trace exasperation voice said told promoter dan duva want fight contenders people want fight
joy,agree ideal place vacation
anger,playing indoor hockey always older man frequently intentionally plays ball field opinion childish play fun
joy,grinned delighted mind reading
fear,dreamt family trouble facing many difficulties
sadness,mother kicked surrogate father turn care dog afthur bought family lack concern lead tho arthur death freeway loved arthur like brother easy talk
joy,made college entrance examinations wanted first list came got frustrated second list came without hopes started read newspaper name thre bus felt like crying everybody could hear cry hold became forever mask life
fear,one night sleeping woke suddenly sensation someone room
anger,sounded sympathetic reality infuriated doreen
sadness,graveside looking mournful interesting
fear,emotional less tangible far powerful physical risk innovate creativity dfma
joy,given gift sister many pleasant things parcel
anger,punished school serious mistake mine
fear,standing crowed shop closed room much people gives fearful experience
sadness,behind heard emilia say think child quite desolate see go
anger,accused planned friend outing secondary school boarding allowed go
anger,criticize mario else start fat drunk friends saints
joy,pretty good bit turbulence pacific ocean bad worst thing guy behind snored night
fear,thus forced hide ignorance ill became bohemian poet trial burst upon horrified society
neutral,poor child
joy,minute shards glass slashed across rohmer ecstatic face
fear,killed felt frightened
fear,day black city exposition felt fear something serious happening like revolution example
fear,last summer walking along beach bikini awful man came cycling shouting ran fast legs could carry
anger,convinced tomorrow saturday
anger,oh man starving days lost ounce
sadness,due reasons boyfriend decided separate
sadness,felt increasingly irritated despondent
joy,let say
joy,daughter born
sadness,inability read book college
joy,away holiday months friend lived interstate remembered get back phoned welcome home night arrival
joy,felt suddenly happy alive
fear,unknown changes replace stability familiarity ambiguity uncertainty jo amman reformjo jordan
fear,clear lesson beleagured john major rattled tory government
neutral,failing
joy,pass exams close friend mine recovered illness etc
neutral,football
anger,ever unhealthy fast food pizza fries burgers hot dogs start eating better
fear,cousin went film show night went without making known mother interval came across mother close sat
sadness,look glum today bragg said good humouredly
sadness,finish life year old dog
anger,father used get angry stubbornness like used told
joy,exactly play every saturdays field tennis courts want learn play little welcome join us
sadness,take cat vet mercy killing injection
sadness,sorry cold car start one garage heater tried call get connection
joy,meeting old friend high school
anger,yes probably fair
joy,house happy birthday
anger,even seriously ill spare moment
sadness,well think going fail chemistry exam
fear,trance like drove edgware road responding multitudinous traffic lights mechanical movements agitated eleanor continued lash unreceptive ear never ending stream abuse
neutral,two
fear,umm think water broke get hospital
anger,find rack used beating rugs yard
sadness,yes low fever feel terrible dying
fear,en bayrou attendre janvier pour avoir un sondage le mettant au dessus des pour il est
neutral,crossing road must always pay attention around
sadness,please forgive
anger,perhaps modigliani exasperation stemmed part envy brilliant young man
joy,happy discovered passed first year examination among thirty students would major economics
fear,sometime back used stay mum alone time came dad joined family working place found fear cause
neutral,know newcomer think might good opportunity get know people departments company relaxed atmosphere
sadness,leaving house female friend shared months friendship developed approach occasional instances several personal crises
sadness,could see way anguish began think method would use would quick simple
sadness,ill coming back hostel felt sad leaving home
sadness,coming man night miguel grown glum thoughtful
joy,met someone became good friends relationship grew closer boyfriend felt joy found felt
joy,fine see
sadness,told successful getting job expecting sure sufficiently qualified
joy,heard examination results recovered sick week
fear,feel like missing things age really hope though
fear,would bad class get bus school
sadness,looked crestfallen old bulldog know minute
fear,exhausted nervous councillors disappear small cabals
anger,thanks sometimes talking friend great way get something mind vent little bit
anger,never told go court
anger,ask private affairs said mildly affronted tone
neutral,got cousins mom side cousins dad side
neutral,um
fear,bomb threat tolman hall first time felt life could danger
joy,time prince amusement obvious
anger,made another white crack clothes
fear,fear losing mercy fear losing protection shade harm
sadness,still sounds expensive
joy,gave birth healthy boy
neutral,ready
joy,great state elation
sadness,happen sorry
sadness,felt alone among large number people sad see nobody cared happening
joy,happy big game
sadness,oh dear miss train
neutral,dark blue
neutral,problem
anger,grateful everyone class enjoyed
neutral,know david new boss
sadness,oh god wallet lost drives bonkers
sadness,sorry think calling wrong person name mr bernie
anger,whenever father smokes smell makes feel uncomfortable never listens complaints curse furiously mind cannot solve problem violence traditional moral values
joy,received letter informing accepted chinese university student excited longed
sadness,close friend applied tiss admission last year unfortunately failed get admission done graduation together quite involved wanted masters degree together however work expected saddened
fear,shot horrified look
sadness,sorry sir persons think large
fear,watched careful dan careful
neutral,mr rogers
fear,faith voice god fear voice satan listen two voices makes us double minded thebishop
joy,spring lively season
fear,think im scared future holds wishing things im used drake
sadness,father died
sadness,felt sad heard friend committed suicide
joy,great idea call already talked couple times might good hear somebody else
anger,leg want right leg left one
anger,quarrel mother thought said unreasonable things hit strongly
joy,received letter distant friend
joy,made acquaintance certain person
sadness,told girlfriend speaking ill real letdown
anger,dress stolen
anger,screw kinda sad made twitter cant beak cause afraid read fuck pplonfacebookmaketwitter
anger,shop assistant behaved rather roughly though slightest grounds
joy,like flowers
sadness,occurred girlfriend finish relationship due circumstances family really sad hurt really find reason still living life one question crept vividly every time thought happened
joy,time could become excited house matches school matches take part events earnest aggressiveness
fear,mattmosley shakiest point lead history college football lol
joy,tomorrow afternoon
neutral,extra lean
anger,tell
anger,matilda looked right back flashing eyes infuriated female giant said total calmness moved away desk miss trunchbull since lesson began
sadness,fry said farewells players regarded father figure heading home bedford devastated man
fear,stopped plain clothes policemen car driving overturned avenue driving fast afraid stopped questionned toild go situation ended happily since consequences
anger,come home late one time find stuff outside
neutral,june loth
neutral,room checked move
neutral,shoot pool
sadness,son lives parents country feel feeling always leaving sofia last time quite strong
joy,thanks inviting gift happy birthday francis many happy healthy years
joy,pleased happy older sister came home living somewhere town seen months close sisters
fear,walking biology building
joy,happy even though working get spend lot time evening weekends
fear,hate dentists
joy,feel unbelievably happy relationship boyfriend reoccurring feeling
sadness,lost close friend
fear,flat sydney rough area home flat burgled night way locking door
joy,delighted cheerful optimistic
anger,descendants sir isaac newton miffed former prime minister maragaret thatcher included th century discoverer gravity personal coat arms represent learning
neutral,guess
joy,prize effort
sadness,elder sister scolded front younger sisters cousins said lazy felt sad cried sleep
fear,best frieend left school recently next day weather turned bad suddenly male class mates turned lights remained table scared
anger,bought aquarium made much pleasure watching fish father came asked much payed said would pay current would require
sadness,parents separated temporarily left behind father loved mother wanted go
anger,friends torture animals
joy,behind strained happy smiles lie awful knowledge alex saw killer young understand going
fear,believe lies look eyes please scared
sadness,death parent
anger,thing first time promised something
sadness,told friend car broke walk home
fear,apply
neutral,uh huh
anger,alice hour late
anger,asked call going home late
neutral,suppose right speak english slowly
sadness,one cat died disease
sadness,became even lugubrious
anger,uncommon hear old women cross asked perform domestic tasks residential care
joy,good know capable excellent student
fear,afraid tomorrow saw yesterday love today less
anger,asked indignant auguste
sadness,parted boyfriend
anger,misleaded person assured something would occur reason prepccupy suddenly saw implicated fact incompetence irresponsibility person
sadness,loads friends miserable way look media basically saying yes right miserable
sadness,one day lord hunting fox said friends happy contented master sometimes seems rather sad downcast
sadness,friend died cancer years old
neutral,dude equivocate theory becomes theory withstanding rigorous testing slept class
sadness,got robbed
anger,dotty flushed annoyance
sadness,yes seems never accept childless marriage fight last night
joy,remember hypnosis party game practised amateurs amusement others
joy,regret cardinal told observing prince elation guessing cause
sadness,everyone sad departure
neutral,see safer right
joy,birth daughter
sadness,let see sorry sir fully booked tonight would mind making reservation time
neutral,oh hi
fear,samobyrne haha ye found krystle first read thought drunkenly looking something else
sadness,looking glum
sadness,oh bad sorry hear
joy,think well guess look lot like oh got richard eyes though
joy,church camp accepted christ life friend
fear,told parents bad marks school one day father wanted speak teachers fortunately could influence parents take easy
neutral,excuse seat taken
sadness,pity know longing months
neutral,sign monday wednesday
anger,could feel easy really pissed
fear,shall find reason disquiet argument
joy,father overjoyed see threw party
joy,hear nice joke made friend
neutral,run thirsty
sadness,friend mine lent apartment holidays besides fine person months later knew died tragically moto accident young felt sad believe today
joy,sat looking fire lowered eyelids contented expression face looking like big overfed cat
sadness,close relative dying cancer found last week
fear,successive state elections seen governing parties pummelled dismayed electorate
anger,best friend school told lies boy seeing went
joy,extremely good shot including birdies
fear,mamzelle liliz oui mais le proctologue porte confusion chez un certain public
anger,worked hard vacations raise money major items radio arrived inter city bus terminal hard earned money stolen
fear,danger dark one feels kind particular horror finding oneself alone
neutral,one
joy,obviously pleased winning also great parents
neutral,like traveling pleasure get places vacation instance like traveling work waiting buses
sadness,came back room found suitcase open camera five hundred dollars cash inside wallet gone
joy,passed th standard board exams
anger,says mad got knife scare
anger,car suddenly broke
sadness,well come flu
sadness,years ago mother suffered canccer died within two years finished studies could bear responsibilities children mother tried best take care us lived pain two years neither doctor could anything cancer incurable eager replace suffernig even die instead
fear,mon people last match us think dick togo would
anger,first saw person begging
anger,never dirty restaurant never seen slow service
neutral,like traveling kathy
joy,contented man good wife prosperous farm upper caversham four miles reading market good season financially successful day
joy,act cool like delighted meet sit round kitchen table talk
anger,insurance cover designed protect intermediaries suits damages brought irate customers
anger,angry friend lost practical journal needed study exams
anger,someone messing room share
joy,holidays going meet friend seen six months felt happy
sadness,darling stay days
fear,form five boarding school friends gone drinknig beer nearby village caught red handed form master
joy,close relative mine underwent difficult operation everything turned fine
sadness,please forgive rushing room forgetting knock door
fear,adam afraid gen abram afraid gen sarah afraid gen jacob afraid gen
anger,members un security council miffed
joy,sure would suggest
joy,received offer post graduate work
anger,believe things happening take anymore let car
anger,sight man ran amok fighting dance
sadness,put two years hard work neither looked appreciated
joy,pleasure miss actually could recommend eat never
joy,last year passed exams psychology stood first class thus got first prize college happy tell parents friends
fear,scared dark little boy
neutral,yeah china developing fast development opportunities found almost every corner country
fear,friend started misunderstand hurt
sadness,means lot
sadness,close friend family died
sadness,death grandfather unexpected
sadness,sorry sale give store credit
anger,saw news feature south africa policeman attacked group black people whip
joy,great got try many things first time
fear,stephen spielberg says anxious parents view first
anger,rearranged furniture flat got stuck chair
joy,day results university entrance exam published found canditate number excited
joy,got wedding ring diamond boy loved
anger,family found abandoned puppies wanted help everyone said left
joy,small happy man white beard always wore traditional grocers apron
fear,oh hate teeth pulled hurt
joy,yeah went figures morning finally started making money
joy,looking anything delighted prospect stood
fear,stuc also voiced disquiet way last monday picketing handled police said secured pledge policing would even handed
sadness,oh really moment paid ten dollar note gave oh sorry five left terribly sorry
fear,told doctor many months coughing tuberculosis
fear,school since working part time difficult time keeping class exams coming totally freaking
fear,little sister sick home thought would die
sadness,collapsed coma london club died hours later hospital massive internal bleeding front devastated mum dad
neutral,white please
sadness,plan move july tired living apartments
neutral,may help
sadness,wanted something particular get also possibility getting
sadness,sorry must confused orders check
fear,stranded north fraser island submerged wd hire vehicle
fear,bob halton guilty enough confused mother spoiling manipulative efforts keep petrified taken completely
fear,two finals week one oral presentation ready
joy,getting part time job
neutral,let ask old woman reception office
fear,always assumed sort civilized dismay barbarism monopoly cause
joy,going see good film best friend
neutral,exactly
anger,attitude manners dealing sanctioned relations
anger,anger voice took aback
joy,even roller coasters go tunnels dark
neutral,got
anger,someone stole ski vitosha course one blamed left without supervision
fear,got know friend closest got engaged going away overjoyed also felt frightened emotionally dependent know would without
sadness,like someone like rude
joy,sound like everything great
anger,good friend deceived little quarrel relationship finished mainly honest angry
joy,good idea music might find something like classical music might make clever dance might make livelier happier
sadness,must heartbroken
joy,course everybody hobby
anger,weird traveling beijing la huge time difference even though left beijing noon flew eight hours still arrived la day noon like went back time
joy,thought alone might hold key mystery sole component strangely elated state
fear,humble prediction day hope wrong either way trade range
sadness,heard nephew passed away
fear,english papers due friday returned tuesday tuesday afraid go class get paper knew bad
sadness,liza part still seemed inconsolable first arrived back unit edge salisbury plain
sadness,john mood
joy,birthday old friend mine sent card met year glad thought
anger,honest sliding part girlfriend mine terribly crossed started breaking things tearing books
sadness,lost girl friend
fear,get result high school
sadness,really became sad mother passed away young
anger,realizing friend talked signing certain contract
joy,got scholarship happy finacial burden family reduced
neutral,many
sadness,mad grief
fear,child always afraid father looked felt frightened
joy,first niece born
fear,working certain place everyday work dad would come pick one day come started getting dark money home far away
anger,listen christine afford another day called sick five times last three weeks
joy,saw family good friends back staying one year foreign country
sadness,feeling unable preserve one ideas ambitions innocent young
joy,thank dance
anger,made things see sense waste time time ago participate sociological investigation got really angry
fear,les meilleurs rick roll restent venir
joy,got first compound column
sadness,better try another store
fear,goldenblades berticusmaximus exciting except yerno finished essay translation
sadness,felt guilty sensed beth deep sadness
joy,test never great sense elation rather step towards ultimate goal taken
sadness,daughter problems friends could see predicament window given cold shoulder
neutral,boxes wrapped plastic
fear,loud might get frightened
neutral,oh
fear,felt feeling one day landlord cat crept bed cope hour half
joy,yes wife coming get
neutral,maybe help
fear,alone home could hear odd noises coming bedroom knew nobody lived since office got frightened later given natural explanation
neutral,reason distrust never caused harm
fear,drunkard barged room friend run order get away alone could see hand coming towards
anger,big family grandmother funeral met everybody pretended mourning reality like fashion show everybody wanted show
anger,well called
neutral,oh pretty popular among classmates days
sadness,make soccer team
neutral,yes
fear,ray shepherd voice quiet ignored son mounting horror
fear,waking bad dream dark night noone else around
neutral,well rose
anger,driving home several days hard work motorist ahead driving km hour refused despite low speed let overtake
sadness,succeeding cross country skiing competition intended win
neutral,ask sara party
fear,helped someone something found
anger,make work geoff would say cousin jerk make hire stupid useless cousin
sadness,jake broke
sadness,lewis verne smith sat shaking head less gesture denial generalized despair state world
joy,think everyone pleased changed minds said england capped player rory underwood
joy,especially good english high school graduation exam english tensely waited result whole day evening heard done excellently became happy anxiety vanished family home
joy,elder brother gone abroad study six years came back home safe good health
fear,sit examinations
sadness,really sorry maybe give call sometime
joy,thanks much
anger,door bell work sink leaking hot water building falling apart
sadness,feel confused grammars
sadness,though heartbreak troubled marriage still haunts raised grin prince harry waved car london
sadness,grandfather seriously ill days left live always loved never told saw last time feeling omitted many things could fly sitting forehead weak drive away sad saw
joy,football big deal high school joyous school team conference championship last year
fear,assaulted drunken neighbour
joy,effective reader work theatrical instincts valuable edmund wilson noted could communicate feeling intense excitement audiences
neutral,taxi taxi
sadness,felt quite distressed birth seemed drowsy bit blue
sadness,sad
fear,caro feel great slept alarm went
fear,could questions math midterm
anger,someone told chosen english lectures class leader going true
sadness,day left first girlfriend
anger,joan thorough drag
anger,felt anger colleague mine rehearsal acting learnt text opera act course several months thus making difficulties rest colleagues
sadness,made camp grumbled henry rather like sad child
fear,first came university know kind people would find kind behaviour would towards
sadness,grandmother second mother died
sadness,guy cared went back canada live
joy,sister born
fear,experienced feeling doctors found nodule one mother breasts turned occlusion resulting continious sucking days reason
neutral,sure open classes
neutral,oh possibly
fear,sitting car next man masturbating
anger,told computer teacher want teach beacause prejudice
anger,certainly arrive way
sadness,stared hard know disconsolate woman chill room sorrowful face night outside
fear,one horrified look told daisy already sunk pasterns
fear,relationship seem improving obviously worried seem paying expected
joy,cheeks already aglow combination heat exhilaration centre attention lent extra youthful radiance beauty
joy,oh like beautiful dance well
sadness,felt sad leave girlfriend constant problems failed attempts reconciliation sadness caused irreversibility decision
joy,highlight whole tournament almost irrespective performance field south africa emergence woods coming cold generating great excitement
joy,four children
fear,feel anxious getting first lot seeds sown doors
joy,yes looks interesting
anger,tony father interviewed said felt angry tony taken tablets especially girl friend pat found tony unconscious
anger,mother told could go mountains despite age long house must says
anger,last exam
anger,brother told person know insulted fond brother get angry hurt protectiveness aroused got angry
sadness,still school friend died cancer ill long time yrs old
joy,sportwoman well felt joy year practice contest covered norms master sports
fear,taking trip crocokile country fell boat motivated fear eaten perform great swimming feats
neutral,better take medicine good rest hope pretty soon
anger,insulted teacher
fear,repton boy horror churchill anti bolshevist campaign turned adult less ferocious criticism
anger,recent visit day centre served younger disabled old people told old people envious resentful computer learning introduced younger disabled people
neutral,beg pardon
neutral,think korea marriages break couples stay together
anger,concentrating work friend disturbed continously asked stop vain
joy,first heard like boyfriend
joy,seeing relations overseas years
sadness,pity missed
joy,birth children
fear,went visit friend hospital going operated next day afraid would let know reaction would seeing
neutral,ho
neutral,mario puku
joy,dancing restaurant last week
sadness,oh computer crashed
anger,someone trusted much disappointed
anger,discussing certain person job getting perosn negative pessimistic
joy,lot things part old people accept old stop feeling restless really read
neutral,get lonely
joy,thank beautiful hang coat try new couch comfortable love want something drink tea coffee juice cola
sadness,uncle died leukemia age
joy,economics remember
joy,admitted language school day informed message parents congratulated
neutral,big head
anger,father get back chipata time thus holding back progress everything depended felt angry actions
fear,walk three kms field wild bulls car broken
fear,idfrabbi qui se finit comme friend israeli soldier mossad agent qui follow sur twitter faret
neutral,makes lot sense tv work well
joy,everyone seemed pleased arrangements philippe made rose
joy,able buy new car lots problems
neutral,hi andy
anger,mother kept leading strings
fear,walking along hill fell carelessness broke left arm
anger,accused something done get unbelievably angry
neutral,excuse
joy,nice
joy,months trying contain excitement thought compact disc
sadness,nodded went bit knock relationship man london miserable elise death
joy,finally asked someone banquet
joy,nurse sent accompany leslie tried hard melt background overjoyed family spent several hours opening presents tree
anger,friend mine came visit stayed roommate roommate became good friends left talk highly
anger,angry watched ski race austrian skiers dropped
anger,ended finding lady night girl cafe near home
neutral,kind music like
sadness,slept tent barracks caught fire night best possessions got burnt
joy,first time life telling someone loved
fear,biggest fear needles stand getting shot
sadness,maybe difficult period family experienced
fear,weather bad fog slipperiness newcast reports many traffic accidents boyfriend driving home still kilometers go
fear,horrified somebody would thing
joy,get something seemed hard like getting job boyfriend etc specific sutuations started date boy liked long time
neutral,titanic
fear,think someone stalking
anger,friend mine trying make fool
sadness,school
anger,treats everyone pretty badly way treats really takes cake
anger,really angry president general arrested policemen
neutral,next june
joy,holiday white sand deserted beach cool evening near end summer fire sand toasted marshmellows cuddled drank champagne
fear,leads highly agitated motions correspondingly high temperatures
fear,let look whoa get away
fear,life know break leg
anger,friends betrayed friendship
sadness,miserable beginning
fear,way back denmark friend small yatch storm friend blown overboard scared till managed get back onboard
joy,december th filled joy told bosses selected attend course school health scienced london
fear,problem attention fearful possibilities attracting force stop quick cheryl janecky loa anxiety
anger,library medical psychology walked wrong direction man came room threated denigrating became angry resisting manner
joy,lectures sensed unexpressed understanding boy know exchange glances think likes like perhaps fallen love
fear,first day university know expect
joy,happy hear publishing talking writers involves lot work patience responsibility work boring
neutral,sure
joy,harvard
fear,aftermath war government said concerned turkey increasingly prominent international role
joy,possibility getting better professional life valorized much aspect people showed possibility real fact even
sadness,unless given opportunities express grief appropriate ways include weeping loss never able acquire creative energy necessary find new job
fear,like sharing feelings im scared run admit something
sadness,remembered got give speech class today forgot prepare
fear,clarify winning game terror war america terrorizes like fucking one still plenty
anger,addiction checking emails text messages often called addiction way
fear,phone starts falling towards face save amazing
neutral,margaret really told found forgotten try phone jane must gone
neutral,whatever important perseverance hang longer better day find already made lot progress
anger,girlfriend two years told
anger,thought good friend tried lie several times last time height impudence promised would come home felt sense anger insult
fear,scared went examination hall sc examination studied limited partion course thoroughly great doubt whether would asked
sadness,yesterday heartbroken teenager verge trials royal ballet said one second life wrecked
fear,college started discussion teacher referring question posed felt unsure afraid fail
joy,like pier beautiful night
sadness,grandmother died mother called one sunday morning autumn way mother told hated moment sounded waiting death grandmother lost person close felt guilty bad grandmother late remained calm longer understood everything well
fear,heartstopping moment think pulled headphones silent library
sadness,wandered around state utter dejection belonging nowhere
joy,received good news obtained amount money needed buy something planning buy
anger,brother
sadness,anguished voice tailed intensify effect
anger,scientists sides man land become bitterly indignant someone points external influences
joy,met good friend mine long time
fear,burglars guns forced house ordered give money face death
sadness,found person went school died car accident
anger,shackel became indignant said would fetch magistrate complain chief constable attitude
anger,de gaulle incensed ordered massu recall paris advice several senior advisers insisted massu permitted return command
joy,told passed statistics exam expected happy
neutral,snow
anger,profit share scheme reduced many members expressed great annoyance another scheme within bank netted two former members staff britain almost
sadness,yes wallet stolen
anger,someone listen asked repeat said happened one time person
sadness,leapor still downcast loss job perhaps unable write much poetry met freemantle
joy,got job right school
sadness,girl friend left
neutral,ok ok whisper promise tell anyone
neutral,maybe ask mother
joy,susan inviting frank house warming party weekend
anger,sister took things without asked permission first
joy,feet taking hand smiling telling delighted meet
fear,yes bike one seat get quick
sadness,know failed exam
fear,nothing else perverted faith ability fear proof ability believe
joy,passed first examination repeat
anger,staunchly pro monarchist daily telegraph said bbc chairman marmaduke hussey whose wife lady waiting queen elizabeth ii miffed one told interview
sadness,thought already agreed everything going take weeks rework
fear,skiing icy slope fast white conditions control idea heading
fear,seems anxious people condition easily thought irrational fears established way
fear,petrified thing mother
anger,yes true damn lost half paper even homework bad time happen
sadness,complete heartbreak car broke looking ninth win season italian grand prix
anger,made look like fool girl
sadness,accepted classmates university
anger,told love
fear,smell smoke
sadness,elder brother expelled college frustated attempted suicide drank bottle fragments sad learnt
neutral,bank coffee shop opposite bank
fear,one final exams third year natural sciences
anger,mr brown livid way billion precious foreign reserves poured drain sterling fiasco fortnight ago
anger,beaten thieves behalf friends mine thought lot money would part coins drinks
joy,delighted bring conference support members portsmouth
joy,six months ago got acquaintances person trusted infinitely expected help friendly feelings found much common views fate
sadness,sorry hear
sadness,asked beef work
neutral,upsets
anger,go lightwater valley said equally affronted bus driver
sadness,mum watching movie
anger,absolutely unbelievable people ashamed
joy,dance beautifully
sadness,heard uncle passed away road traffic accident
neutral,note
neutral,sixties party next week want come
fear,think death parents brothers sisters
joy,told passed exams
sadness,try lot pressure right
sadness,sorry say seem lost key safe
anger,subjected nasty joke group friends
neutral,hi joe
sadness,understood marriage falling apart decided legally separated
anger,thames valley police known furious case
joy,morning ecstatic triumph seducing dog owner daughter completely forgotten jamila big decision
fear,went see movie went friend really frightening made stop think world around really like frightened night
anger,student union someone took photocopies two large volumes asked let take refused acceptable reason
anger,angry brother argument together fights time time also times take anger
anger,unfair unjust attitude toward person close witness caused anger
anger,mistreated people
anger,kill work see number slakers wandering around nothing
fear,joe rogan back factor
joy,proud
fear,heard teasing bulling secondary school
joy,felt joy heard radio successful primary school leaving certificate examination selected secondary school
joy,selected start form malosa secondary school
joy,feeling awesome
sadness,right
anger,checked examination paper realized careless thoughtless lazy hasty make unnecessary mistakes concerning things know understand
anger,felt angry friend told stolen money
fear,alone cottage often stay woken rustling sound middle night
anger,father angry leave early
fear,painful situation definition damned damned life love therightthing
neutral,true
anger,friends try put hurt
neutral,hmm
neutral,love trying new recipes usually test friends come
fear,mysterious ticking noise somewhere bed puppet pals kind scared
anger,research months ago asked institute sponsor computer course held tiss however administrative officer could get money
neutral,evening
anger,cross nanny saying bad things smallfry would make buddie angry
fear,lcduve touching kitten much happening
sadness,extent adults choose free whether deal grief
joy,thanks helping move new house
fear,weeks back important seminar circulated papers panel members day seminar realized inadvertantly burdened certain derivations failed correct feared would reflect badly performance fortunately none panel members detected felt relieved
anger,felt girl dear lied face got angry fact knew believe kept telling lies
fear,embarking university life came different city know anybody uni frightened well known loved friends also security taken away
fear,typically gould infrequent letters home detailed ornithological exploits much dismay household desperate hear news personal nature
joy,gleeful opposition leaders tory euro sceptics said government handling maastricht descended shambles
sadness,really dreadful accident many people killed
fear,little maureen agitated made nice speech
joy,situation seemed hopeless moved back parents father went without saying anything normally ofter grumbles
anger,prejudice psychology students education students allowing us go medical university lectures
fear,car accident middle night
neutral,ask think guilty
anger,still mad lucy something lucy sure little time concentration would tell moment somehow knowledge reach
neutral,free weekend
anger,talking party first time long friend came interrupted us left
sadness,father died suddenly heart attack
neutral,class
anger,boy drunk insulted front crowd stopped punching
joy,everybody gets excited three hundred fifty kilos durham tomorrow morning sounds like good pay day
neutral,going work australia back china
anger,peers want meet someone rush fear would give bad outlook sororoty house seen blew
neutral,ready
fear,eat taco bell first time years
joy,got examination driver licence finished knew passed
neutral,course top level coaches state sports general administration
neutral,help
anger,one day discussed important question suddenly declared would accept position thought right moreover attacked strongly opinion personally
sadness,friend mother died
sadness,house robbed last night thieves stole furniture
anger,oh thought seemed bit strange
joy,perfect audition weekend house
anger,must mad expect delicate business preparation vologsky speeded though crude operation factory bench
sadness,last year worked summer holidays studied time examination repeat boyfriend went greece holiday month
fear,wanted violinist real ambition anxious really get grips instrument
fear,crashed car
neutral,old lady trimming trees
anger,friend attend important meeting promised come pick turn felt angry
fear,car parents friends back reverse pass river recall yrs seemed going fall drown
sadness,aunt loved much died heard death touched funeral really became conscious death moment
neutral,fixed
neutral,around pm
joy,mr souness jim smith portsmouth manager emphasised delighted overall quality yesterday tie
anger,know
sadness,nothing really
fear,op school bezig met fm aan zeker vet haha
anger,tried show pleasure decision time annoyance contract simply permit
sadness,sorry ask next time
anger,except gets cross us sometimes
anger,juniors dormitory school started complain make lot noise duties assigned prefect class mate cool dull
anger,saw tv south korea cheating asian olympic games
joy,lennox always truly wanted fight world title happy taking tough route
fear,may cases parliamentary disquiet ministerial proposal minister change mind
joy,imagine excitement therefore seemed recently might stumbled across shape tower house malmesbury wiltshire
joy,lady wife accepted proposal lover future wife
joy,army result shooting exercises got three day furlough
neutral,boyfriend says work much spend time
sadness,came know feelings someone reciprocated
neutral,china
fear,like red headed male step child come closet got black sheep pet
sadness,interpersonal arguments difficulties also common feature experiences depressed patients comparison group
fear,bet would jump window sure would jump rather felt fear
joy,come
joy,pleasure come side
neutral,could talk minutes grades
anger,face livid bloody
joy,family allowed higher studies
sadness,girlfriend dumped
joy,spent lovely relaxing evening boyfriend played games talked evening
anger,son omits carry certain duties home knows needs
joy,normally happy sunny person felt vague disquiet though changing without wanting
neutral,work shanghai
sadness,sir really sorry
sadness,pity afraid loud thank
sadness,let see sorry table
anger,also happened small beaten mother fault mine beaten younger brother thought fault angry mother
anger,thought perhaps still mad
anger,wrong quit
anger,gosh another stop seems cars ahead us stop every two minutes quicker bus
anger,new neighbor hate guts
neutral,big deal picture woman
joy,noticed amusement tapestries hanging illustrated seven deadly sins
joy,hate disappoint anyone case although veiled hints caused us plenty amusement
fear,smh wus wrong wit niggas days another eyes smh lot niggas lie
sadness,failed oral test
joy,unofficially informed results final examination secondary school teacher wrote went outside started crying joy
anger,sounds like job better one
fear,shoulder operation woke hospital room alone pain still heavy medications could find parents
fear,large crowds manic football fans mascots
anger,commons labour mps unleashed anger liberal democrats promising back government
fear,housesitting hearing alarm go knew someone breaking called police panicking phone awful turns stepped hidden alarm without prior knowledge existance
joy,understood mother wedding although necessary expected nothing appear contented
neutral,yeah one closes ten could drive hour store sixth
fear,south africa must worried easily get close line know carling jeremy guscott amongst quickest world
neutral,correct time please
anger,religion teacher presented shocking sectarian thoughts doom day official teaching
sadness,operation may feel sick depressed effect trauma operation anaesthetic
joy,que bien sentences poems habeas en espanol
fear,facing mad dog
fear,tonsils making mind almost year afraid two hours hospital room waiting called operation felt real fear pain going unknown
fear,loving atleast allowing fall person know prolly fall yet feels ryt
neutral,pretty much feel step mother like grandmother like grandson
sadness,remember mother died day sad every time think saddened loss mother
fear,one day christmas went shopping brother friend good time way home almost accident weather bad
joy,animal seemed take perverse delight terrorizing
joy,good morning emma lovely day
sadness,railway station good bye
joy,old schoolfriend phoned arrange appointment talk old memories seen years
sadness,mother went operation serious sad could sleep operation
joy,winning game long time losing
fear,felt afraid losing somebody love another person incomprehensive person lots time fight person
anger,fight class mate
joy,easter holiday working weekends left
fear,little lost control bike started go buay intersection neighbor stopped time
sadness,sister coma months due train accident brainfunctions disturbed never able walk hardly talk
neutral,good bye
sadness,would expect overcome grief
neutral,like feeling cooperating others
joy,feeling outstanding
anger,friend promised give lift graz sure called went told promised another person give lift
sadness,begining new course one afraid encountering problems one manage thoughts revolve around failing subject consequences would future
sadness,ryan spent one night roof remembered bitter anguish
joy,father stayed abroad one year like write letters makes ortographic mistakes never good relation wrote letter said loved
fear,work looks like broken need get hospital drive
fear,teacher wanted instill certain opinion certain behaviour refused afraid saw
sadness,poor femi taylor death must made realize still cared
anger,restaurant observed gypsies tried get money cheating foreigners non swedish speaking anger nothing hatred foreigners expression anger feel see people used
anger,ashamed retorted taut anger reference mother
anger,coming home taxi fellow worker mine criticizing earlier conduct towards mind unfounded reached home ran taxi slammed door
sadness,thought instant good relationship person finished
joy,two female classmates lunch chatted cracked jokes happy however felt may said something inappropriate might cause bad impression
fear,came back work one day friends son told come back school lost
anger,mr jones exploded anger
joy,perhaps right still need time recover failure
joy,understood admitted university
fear,find sprinting doesnt hurt much hamstring leaving
fear,jim could nonetheless tell anxious face something wrong
fear,week exams came got afraid would tackle questions
sadness,makes sad think growing
joy,last summer achieved someting wanting long time
neutral,www man
sadness,grandmother friend died hospital friend crying sad
joy,th street
neutral,oh yes love playing badminton table tennis computer games playing games become favorite
sadness,boy broken hearted inconsolable
anger,battled flood relief reprieved anger vile deception
neutral,agree would find difficult stop using car convenient
fear,particularly concerned shortly wedding day discovered prince charles planned give friend bracelet inscribed nicknames fred gladys
joy,day heard passed high school exam
joy,every time got near backed ecstatic excitement tail wagging furiously
anger,fine way would mind slurping coffee every time cup
neutral,made mind getting tattoo
anger,people simply miffed red tape applying victim identification cards qualify yen
anger,mexico miffed telmex telephone company gain entry american marketplace
sadness,sorry accept credit cards cash
neutral,really people get married beforethe age
sadness,boy friend seperated initiative
fear,oral examination take eventually
anger,ref needs glasses hey ref open eyes believe see
fear,years ago father ill stayed hospital long time experienced terrible feeling might lose
anger,lissa gazed vexed expression tried quell smile pulled lips
anger,new year eve party country hardly knew person partner spent time bar little opportunity get know people table separated boyfriend parents present
sadness,yes managed sort problem tied matter hour
neutral,fine
sadness,lecturers unfair reports
anger,teacher former secondary school forced darling marry girl tried refuse parents would leave alone
fear,dark suspicious looking character comes towards
joy,could study university
anger,sister promised help translation english german day needed told busy angry
sadness,worked seven months factory made friends fellow worker later visited former fellow workers told army friend shot
neutral,car
anger,bus driver failed stop pick bus stop
sadness,well last exams father knows beat
neutral,feedback audience great care think critics think
neutral,problem
neutral,ok get around evenings
joy,saw year old sister home waited night knowing
neutral,darn grocery store closed
sadness,oh failed sure
fear,father ill waiting results tests
joy,friends
sadness,death jaya prakash narayan caused great deal sadness believed true democrat ray hope indian horizon
joy,sister gave birth twins healthy ones
sadness,alone listen song like much listened together friends
sadness,love know got another appointment really sorry
sadness,knew go mother errands
joy,pre university appreciated examplary student pricipal something made feel happy
joy,like waltz
anger,prefect secondary school sports day told others would take names people misbehaved time sat brief rest suddenly head prefect came scolded front others angry prefects sitting picked thought brief rest serious enough blamed
fear,nine went home bike dark cycle track lack time take short cut
sadness,three weeks ago friend mine bid good bye going abroad felt happy achieving something making trip also felt sad would seeing long time
sadness,lead rather secure life thing remember song nineteenth century alcohol melody word although naive effected emotions
joy,cambridge results came obtained first division thinking done well
neutral,woo easy
neutral,think newspaper article talks problems aging population problem soon affect world
fear,scared cats
sadness,tolonen nodded suddenly wistful lips formed sad smile
sadness,bad need discuss plans
fear,actually made quite nervous london
fear,andreashuebner nothing else perverted faith ability fear proof ability believe
anger,asked stop studying economics field interested employers
neutral,mon blame thought new camera could use even thinking buying camera understand could perfect looking box
joy,new concert hall acoustics great
neutral,ok
neutral,hold always matter together tackle whatever life throws us believe us steven
sadness,bombay one good friends getting married informed made sad
sadness,missed train morning felt sad time
anger,residential workers faced youngsters anxious resentful family events may also mistrustful try help
neutral,oh yeah
anger,moment felt anger unfeeling attitude common sense prevailed
fear,friend mine discussed felt fear losing occurred missunderstanding mutual colleagues
anger,failed exam thought would pass
sadness,address underlines anguish majesty speech windsor castle fire referred annus horribilis
joy,seriously happy staying
anger,compere party efforts get show rolling thwarted immobile non co operative guests felt frustation bordering anger
anger,discussion leader wanted stop opinion involved misjudged reactions negative however posed several questions answer
joy,party met interesting female enjoyed eachothers company slow dancing
sadness,chosen english class
joy,feeling positive
neutral,bob
sadness,paternal grandmother died close blood cry sad partly due death partly think due fact could cry
sadness,funeral grandmother saw mother family members crying
sadness,rejection ignored loved person held great esteem
joy,got know passed university entrance exam thought done one exams badly
neutral,better prepare examination
anger,flatmate asking questions relationship boyfriend whether treating unfairly claimed treating result angered became defensive
fear,coming home relative place felt slightly apprehensive got bus started walking towards place confident nothing would happen yet slight feeling fear
fear,child home alone felt indefinate manner afraid death father mother
neutral,someone got head give tug
fear,person mentioned suspicion pregnancy
neutral,simple men shake hands women children
sadness,grandmother passed away
anger,friend forgot appointment
sadness,friend pass high school graduation examinations
joy,accepted university
neutral,ask
fear,adoption agent put folk thru ringer get kids old travionica jenkins bust em keep
joy,thank steve always encouraging
neutral,ya
joy,ok call saturday morning
anger,told boy friend park certain place car would ger towed away listen towed away stage finances poverty line cost us money get us week including rent
anger,answer question directly would chinese answer questions way simply asked simple question chinese often give reason would give direct answer
sadness,felt sad two situations described cat school sadness intermingled feelings
anger,brother took money use purposes
joy,boyfriend last told loved gave impulsive kiss
sadness,one visits found representative occidental oil company stranded looking miserable bedraggled morass mud pouring rain
neutral,fashionable
anger,suppressing annoyance called little sara replied well
fear,taking short cut vasa park surrounded three people tried steal money scared saved appearance people
anger,robots said gave means venting anger remark whose logic baffled read another logic alone explain
fear,took first year university exams made lot mistakes exam afraid failing thus unable go school medicine
fear,one night got university saw two strange people near car got near moved away came close feeling assaulters left discovered windshield broken
fear,home alone mother asked heat house put much fuel stove began glow noise whole house going explode
joy,two observers exchanged amused glances wandered away trees
sadness,got laid today
sadness,derby county grief foot first division continues went two one crystal palace
anger,cat eaten fish kill
neutral,poor girl
neutral,ten
joy,went picnic lonavala felt full joy
fear,saw world without borders flying sun trees love dreams reality
joy,time elated go back vices said mr tyson
sadness,loss close friend relative feel grief away home
joy,wave cheerful elation swept separated pound note yanto fivers
sadness,saw maud kurfrstendamm eating alone cafe looking little desolate stack coins already piled beside plate although meal come
sadness,sir sorry
fear,age foster grandmother died fear dying
anger,sometimes go work crazy boss hyper jewish lawyer insists things way filing typing etc sometimes blames things yell back
anger,made error planning programme publicly accepted mistake despite repeated requests bring matter discussion professor kept constantly passing remarks reacted angrily
joy,order admitted final examination pass two examinations studied much resigned left behind nevertheless succeeded examinations
fear,courage knowing fear plato
fear,must give must face things
anger,end jane want girlfriend goes guys time
neutral,heads
anger,one winter day unwillingly outdoors younger brother years younger lost temper wanted throw brother snow bank pushed hard wanted alone two us
sadness,father pleased elected
sadness,depressed tried commit suicide several times
sadness,got separated man loved
joy,got first division exams leaving school
joy,annual sales brake record month month earnings exceeded forecast well two year slump finally back black
fear,yesiamquest would offend listen otfailure song thinking girls
neutral,two hand touch flag football
neutral,easy exercise everyday make
fear,afraid jump height
fear,important amount money felt fear assaulted
sadness,manager jumped mistake today
fear,says childine must survive proved lifeline thousands frightened lonely distressed children
anger,agreed share taxi expenses three people back car ran leaving person front entire bill
anger,young king drew back doubtless father immense exasperation refused accept richard homage
anger,someone spread rumours
fear,primary school teacher caught cheating dictation
anger,bang bang bang kings seven clock sunday morning
anger,know going bite dust going hill almost got killed chair lift going embarrassing
anger,get good think
fear,follow twitter official officialpwg results coverage
joy,younger dons ecstatic election
anger,see people around pass certain unjustice indifference cowardice
joy,became happier settled
joy,happy could make favourite jockey
anger,man kept seat taken putting coat chair still empty asked could use chair agree chair coat
anger,love beautiful girl went back holidays found wth another guy said friend later found together convinced something fishy
joy,pleasant conversation one friends
neutral,regrets
joy,great
fear,happened staying anaunt place discovered afraid sleeping pitch darkness room sister sharing light would refuse sleep without light adjoining bathroom switched
anger,girl trusted shared personal confidential matters twisted facts told common friend common friend told version friend told angry
fear,startled little frightened patrick headed foyles hoping lose followers bookshop maze nooks corners
neutral,yes manager madam
sadness,sorry near sighted
joy,know could imagine confess seldom seen face figure pleasing
neutral,yuan
joy,smile amusement played lips studied unkempt prize
fear,spent night friend secondary school told horror stories suddenly heard uncanny noises terribly frightened
joy,informed accepted student psychology
joy,met girlfriend another town long separation
anger,went fair guy drunk kept bothering end got really angry
anger,well might pinch eyelid lose eyeball
joy,situation differs person
anger,arrested without probable cause
neutral,really
neutral,women shake hands lot children good manners shake hands
anger,know really important whole life could ruined man
fear,crossed london forest heard rabid hyena near path forest
fear,way scared wits
anger,arranged holiday paris girlfriend raised criticisms time
anger,boyfriend chatting another girl
fear,rspca says try different tactics attempting gain animals trust frightened people
joy,married wife took home first time
anger,always like told many times tell
joy,glad twenty things hurry get home
fear,love love love da onli thing truly
neutral,style wear boxers
fear,hard something feel like ready ready jump
joy,fun get anything want
neutral,change attitude pass course
sadness,watching old lady running street catch bus miss reminded mother dreadful would situation
anger,many chances give given
neutral,would like register class today
joy,christmas holiday started felt joyful finished last exam
joy,found girl love loves
neutral,like baseball basketball
neutral,ok next
anger,went school library asked book librarian told however colleague asked gave
fear,cloud asked lotza personal questions avoiding upgrades awhile due cylontakeover fb
fear,caused good deal consternation dismay westminster
sadness,glenn close stubborn pain ridden performance sunny makes sad hate time
fear,caught suspicious individual one evening turned police turned frightened bilberry picker lost way
anger,leonora lay rigid arms resentful carried like bundle laundry
fear,alone home bed reading womens magazine storiees paranormal experiences leg itching stretched hand scratch felt another strange hand later realized corner blanket
sadness,course like utterly miserable
sadness,bad sorry
anger,friend usual forgot tickets home performance missed
neutral,online edition magazine
sadness,uncle died felt sad funeral
anger,unfair
sadness,girlfriend decided finish relation
neutral,learn
joy,wedding standing man love acknowledging fact members family friends
sadness,husband lied tricked leave home
joy,travellers might get used jet lag sense learn live might find progressively irksome initial excitement travel begins wear thin
joy,considered thoughtfully gleam amusement came eyes
fear,country western suitable calming agitated animal
joy,cool man everyone fed rush hour traffic life really take initiative make changes first
joy,mumm burgers smell great perfect day barbecue
joy,unexpectedly well exam
fear,many beef farmers constituency monmouth deeply anxious impact macsharry proposals
fear,wait see return factor tomorrow wife however
anger,person trusted lot gave many false explanations justify wrong action
anger,travelled way former school collect certificate told owed money knew nothing
fear,false evidence appearing real
fear,average adult spends four years life suffering hangover kellymcquaid lisa shanley today ha ha
joy,neither peter conceal excitement back limelight
anger,waiter
sadness,miserable end
joy,studying medicine
fear,hate trucks hate truckers omg hate trucks
joy,well whatever feel transformed
joy,boyfriend went dinner subsequently went family nice evening
sadness,thank really want relax sorry
joy,warden wife owners siamese cat overjoyed see emily reluctantly fed saucer milk saying could stay one night
anger,man stranger personally insulted close woman friend mine public
sadness,got mathematics test marks could believe true past would least marks getting weaker studies made feel expect much going university
sadness,took things hurt
fear,slept chapel middle night realized someeone else chapel never discovered
joy,delight everything saw beyond bounds gardens allotted sister self canal fish pony ride besides animals different kinds
joy,great also thinking getting one think could ask jane quiet word margaret birthday far away
anger,sociology class felt angry towards members society exploiting polynesian people dawn raids police martin luther king blacks reflection shortcomings
joy,good morning john
sadness,fell hurt arm
neutral,whoa
anger,gone vacation mother left home without leaving thing money come back school
anger,home filling tax report nobody time help would liked quickly could go meet friend mine returned hospital got angry brother father refused give calculator asked nicely could leave wait help tax report done
sadness,single
anger,clearly miffed failure resolution communists opened attack thursday another front threatening torpedo budget refusing take part final vote friday
joy,seeing friend seen long
fear,king universally popular owed throne assassination must sensitive issue maybe sometimes nervous joining large assemblies armed men
anger,sure finished
fear,time came see dead bodies operate
sadness,saddened learn people conference failed develop strategies action
fear,remember fear exist anywhere except mind dale carnegie
fear,even spoke saw dawning horror eyes
anger,pointed problem child primary school mother took teacher point view
sadness,felt sad father sick
sadness,become depressed real prospect newness decided enjoy chains masochistically dwelling miseries inadequacies
joy,happy family must relieved excited
anger,serena torn sisterly love annoyance stella aggressive insecurity
sadness,three candles colour represent sorrow failure love many parts lives
sadness,sad hear brother motorbike accident
sadness,girlfriend guess playing army game
fear,come home late night
sadness,beloved grandfather died
sadness,relationship boyfriend finished succeed years course
anger,mad boy village boy hit raw paw paw face
joy,situation felt happiest life person love first time
sadness,younger good apparatus gymnastics always competitions fourth place
joy,winning rowing race karapiro regatta friends
joy,got good grade one midterms weeks ago
anger,first anne felt indignant joe thought realised good sense warning
sadness,grandfathers died realized much would miss
neutral,yeah fun remain professional get distracted manager would pretty upset
fear,included questionnaire
joy,admitted bulgarian state conservatoire
anger,found cousin mine taken away trousers without consent
anger,mother carried using mental pressure concerning something serious real burden
sadness,elder brother died
fear,well saw horror movie last night almost frightened death
neutral,sure ask directions coffee shop
anger,gave little grunt exasperation
joy,attended concert pop singer
sadness,quarrelled younger sister said something boyfriend consequently looked saw thought trying separate misunderstood
fear,ten cold frightened men climbed trench listened young officer cynical silence
joy,girlfriend almost like daughter studying station get see year arrival always joyous one
fear,going alone dark
anger,use lie parets two times felt anger doubted said going club believe day met fliperama wish kill
sadness,matter fact bit upset came meeting go well
fear,rachel mother looked agitated
neutral,yuan
sadness,deceived people ran trouble
neutral,need frustrated
neutral,cool
fear,emotion came misbehaved school principal threatened going expelled
sadness,went visit mother residence crying said die believed complaints continously thought possibility loosing
fear,upon reading story serial killer name henry lee lucas given distinction killing people man began wonder take care safety
anger,oh shut fault kept quite would never happened
sadness,sorry decided yet mind giving couple minutes
neutral,first go city centre stop something drink visit university museum
neutral,many minutes
sadness,sitting bus heard behind voice girl friendly talking time another girl decided fact someone miming finally looked talking friend time
sadness,pity
joy,coins small competion
fear,decided propose man liked make trip together one day breakfast told idea afraid accepting idea would end failure
joy,former boyfriend reconciled decided important always wanted us get back together doubted likelihood happy small amount faith vindicated
joy,patient kind fun smart caring yet strict really learned lot
sadness,one night dear person said hate course impulse person feel person expressed regret everything settled forget
sadness,feeling dissapointed
sadness,dissapointed
sadness,feeling well tbh
joy,get black ball
fear,walking car night thought followed
anger,well nothing height
joy,jeweller overjoyed began spending heavily
anger,trust
anger,angry granted leave pass last weekend
joy,glad straightened everything
neutral,pounds
sadness,watching programme starving refugees plight source sadness
fear,government expressed horror attacks police also need act
anger,rebels want government recognize legitimate force change miffed bill referred vague terms dissenting groups chiapas
fear,spies everywhere fruits big land giants lord told take land
neutral,oh
joy,finished project overjoyed felt relieved due next day tired looking
anger,accused something done
neutral,know
sadness,doubt
joy,worked lawyer office summer got good reference
joy,trying hide enormous delight return juliet turned david
sadness,people became sad worried
anger,exhausting day came home wanted take bath relax father wanted take bath first finished hour hot water left
anger,felt much anger perhaps feel till girlfriend sister incited betray needed much think anything simply passed everything
anger,getting vexed
fear,libel lawyers nervous word lie implies person said something knew untrue
neutral,many
joy,summer received grade cards ta expected better computer science looked card got ecstatic
fear,began libel proceedings uk singapore government privy council expressed deep disquiet treatment government see
fear,edward concealed dismay
neutral,fair enough give straight bully
fear,agitated tears
sadness,awakened gives rise fear god sorrow sin hope forgiveness love god leah first four children
fear,note said imro concerned might similar undetected shenanigans occupational pension schemes
fear,day alone home coming home school know everyone else gone kept waiting come back nobody came getting late terrified
joy,cackled slapped knees bent double wheezing delight witticisms
anger,knows might come later
joy,starving stray transformed contented house cat
neutral,bye
anger,korean judges cheating
joy,elation witnessing birth may followed sense disorientation displaced person
joy,shown plate various excited colleagues resumed holiday
neutral,true buy record player
joy,better
fear,dream anything terrifying used fear rest day dream might come true beaten eaten snake
anger,roommate rude
anger,brothers cruel boyfriend flat mate bent back one brother fingers fault
sadness,lily broke last week fact dumped
anger,work journal lay came nothing due thoughtlessness colleagues
anger,got quite angry impossibility clarissa given instructions
sadness,feel like maybe coming flu
fear,relationship first girlfriend broke realized late
neutral,photograph
joy,congratulations normal handicap
joy,honest order earth continue habitable place going become interested environment
joy,meeting two friends seen years special people
joy,passed standard exams jumped rolled ground
anger,one night family members sitting front corridor house gentleman looking person came father client come bribe father connection proceeding case father refusal abused father brother could control temper rushed
neutral,two tickets please much
joy,merry christmas
anger,friend misunderstood
sadness,losing boyfriend second time friend fell love thing happened months earlier another boyfriend
fear,felt frightened robber broke house threatened shoot father part money looking man hand trigger
joy,dream close friend several stone houses new territories villages much furniture took see fields never seen several inches clear water sunshine reflected wanted sit among short green plants fields afraid treading plants death friend said die sat happily trousers get wet
fear,walking along dog barking following
anger,incident occurred going home girlfriend way man named banda grabbed girlfriend presence really angry result threw stones ran away
fear,think funny terrified
anger,yes find sweater laundry sent yesterday washing done find swatter missing
joy,letter father usually write
anger,lily already told
anger,annoyed person higher asked particular job done job
anger,put blame scored third goal match
anger,used go chief asking doubt job care answer leaving speaking alone
fear,saw accident woman run died spot
sadness,dear friend removed division whre work
neutral,positive
fear,concerned seven year old son
sadness,feeling well
neutral,joke
anger,little brother mine damaged cassette
fear,ringing guy teen idol auckland really scared know say
anger,spokesman union got quarrel colleague acting disloyally sustained period time
neutral,ones age close relatives older spend much time used know younger cousins well older ones
joy,brother selected university malawi polythecnic excited rejoiced due one family members qualifying university level long last
joy,yeah
sadness,father recently heart attack spending months hospital
anger,pleasure talk
neutral,problem
joy,captain mcarthur musical comedy aficionado pleased mrs kingswood spoke critically form
anger,annoyance missing fish turns relief realise snagged roots
sadness,separated girlfriend year birthday put present mailbox spent two days choosing suitable present waited days reply last received thank card mailbox card name words thank signature sad
joy,learned parents going abroad leaving alone years
fear,really nightmare
neutral,parents
sadness,arranged friend go skating next day asked wake telephone twelve clock come home late morning next day called home something like happened several times came conclusion one cannot rely anybody felt sad
neutral,yes access articles subscription
anger,oh shut
joy,first away game parrot academy today wish boys girls luck see today letsgocanes
fear,let rob prayer life power supposed nofearhere
joy,mind begins well could easily mistaken translation eighth century hermit verse composed beehive hut contented holy man old ireland
sadness,sometimes experience sadness sports high school unrealized dreams sport anyway spent six years life
sadness,since moved dorms spending free time boyfriend hardly see old high school friends several bad incidents past best friends
fear,fobic anxiety elevators anxiety worst moment doors open often elevator university
joy,classic something could calm mind
joy,going much shame became christian something new happened heart joy overflows manifest
joy,birthday close friend sent huge bouquet flowers
sadness,help shall make miserable ever life
fear,watched horror movie involved sexual attacks women
sadness,oh
anger,laughed feel offended
sadness,lack love father mum sadness anyone else realise much love happiness could much damaging apart mum
fear,know scary realization going make next paycheck yeah payday painful days away
anger,felt anger last exam felt angry teacher rate objectively failed
fear,voice tetchy alarmed
fear,go alone night
joy,great plans
neutral,understand parents keep beefing complaining daughters able follow suit
neutral,guy
anger,knew would give transfer one university another began insult educatioon authorities government ended door
neutral,nice meet lean name alike japan
sadness,aunt died
joy,stand everyone believes profession standards aims matter feel excitement job acting
anger,tzann clucked tongue mild exasperation
sadness,example mildly depressed tired old people used given amphetamines
fear,driving stopped stop light planning make right turn soon clear clear left started man front car
neutral,laura
fear,reading horror story alone
anger,wonder asked address first wants harass
neutral,bread
fear,heard ghost like noise night
joy,passed driving test fifth time taken test
sadness,studying lot exams could make medical stream felt sad
fear,ward one man died instructed watch last offices first time see dead person fear came
anger,rock became aware thrilling magical father taken young son backstage road drinking water skiiing gradually becoming resentful tyrant
fear,thinking seen smoking school teacher waiting summoned headmaster office
sadness,high hopes nyu
neutral,yes agree retired participate programs keep momentally active
joy,recommend ride bike instead commuting bus may offer many benefits first good health afraid necessary elaborate lots people spend time like hour morning exercising bike ride work builds also makes full use time might well sleep longer hour
sadness,second time went entrance exam get approved
sadness,mood time may depressed start look problems opposed partner
anger,anger felt boyfriend told mind breaking us take road moment deliberately restricted dates motives brought knowledge later
anger,talk silly petty minded unmanageable people
neutral,yes
joy,ok expecting
fear,felt time felt disgust
joy,nice
neutral,hi nicole good weekend
sadness,badly doctor
fear,broke window pane next door neighbour house
fear,drinking pal later clock date fiancee going spanish lesson afraid would smell drinking
sadness,found grandmother might misdiagnosed psychiatric patient doctor know neurologism
neutral,hear saikei ski resort weekend enjoy
joy,accepted medical school medicine profession desired ever since childhood
joy,cycling spring sunshine gives delight happiness healthy wonderful finance simply earth
anger,sadness relating slaghter fur seals
fear,lord evil life psalm god walk evil kept
fear,patient anxious state likely bump trip objects shaking tense hands likely drop things spill things
joy,remaining men preparing leave suddenly young man called laban tall rushed malthouse almost excited speak
fear,fear turn examination paper would take lacked confidence
sadness,sister left home go live husband
fear,puts us difficult position trying germans whose crime obeying superiors orders whatever horror orders led
anger,tailor ran away skirt
fear,suppose even know
anger,ask pass life side second self best earthly companion
anger,sister fighting usual older tham bigger built stronger win physical battle verbal battle seem get really hurt
sadness,moving unknown place away familiar surroundings situation loneliness
fear,husband suddenly fell ill seriously medical examinations know would follow
fear,mother ill feared would die
fear,fear punishment broken item value parents
sadness,close acquaintance family died lung cancer although expected still felt depressed
joy,thanks reminding right person help
fear,afraid learnt father seriously ill hospital
anger,tired cut dried opinions think
fear,know something bad
sadness,feeling upset
sadness,shall keep pur friendship
sadness,yeah upset found another guy got promotion know anything sits kisses managers butt day long
fear,coming back home alone night
fear,feel certain strange surging thru soul yet feels limits wht wht say
fear,poor frightened girl packed things ran saying going reno divorce
joy,recently got positive answer clinic telling would willingly assist collect data clinical pilot study
fear,wandered mistake safety zone shooting range shot
fear,going weekend bike kilometers lonely dark polders always terrifying fantasies
fear,fear well midterm
joy,got home pleasant trip abroad got know accepted university
sadness,mother left father best friend moved papua new guinea despite fact closer father anyone else family move mother say good bye father knowing would see
sadness,suddenly appeared dog dangerously ill probably would die expected always healthy fortunately survived turn gave medicines night
neutral,hello
sadness,grief death deep sincere
sadness,grandfather died close relationship
neutral,brick
joy,heard mark got entrance examination realized admittance university almost certain
anger,itching moving
fear,experts coney hill psychiatric hospital alarmed
anger,really easy saying sorry
joy,well may invite next dance
fear,point according informant everyone looked absolutely horrified said oh prime minister
anger,suddenly infuriated thought believed germans england
neutral,um
fear,going home holiday almost drowned zambezi river
joy,time next year set date yet
anger,peeved see robert kilroy silk credited inventing egg trick recent colour supp profile
sadness,feeling desolate climbed back car daring look roman silver moonlight
anger,visited special education school headmaster applied policy strict positive negative reinforcement children involved children measured standards made fuss children ignored
fear,walking fairly way street
fear,morning evening good day
sadness,sorry forget
anger,parents thought best pass final examination secondary school achieved good grade said nothing bad grade would become angry
fear,mcstroup think fear squirrels came seeing national lampoons xmas vacation child squirrel attacks woman
anger,younger brother fighting tv video kept turning every seconds listening authority cheeky fought ended tears
joy,pleased lived sam born
anger,gina glared across table uncomfortably aware source unreasonable impatience resentful effect presence
sadness,last really felt sad left home leaving long time pre kindergarten relationships behind
sadness,friend free drugs half year started using
joy,qualified form
anger,yes bet dollars cougars
sadness,grandfather died saw grandmother crying aunt shoulder never seen grandmother cry
fear,creative block body natural flow instincts intuition often cultivated western mind
fear,late night biking home overtook man said hello darling terrified imagined wildest scenes
joy,never given speech front thousand people
sadness,sorry reconfirm time gave away half seats
joy,something like listening music good idea
neutral,evidence know edwin hubble guy early twentieth century first scientist measure drift matter universe thus advancing notions expanding universe would expanding well big bang duh
neutral,library card right
neutral,bye mom
joy,never lose appeal
anger,heard friends grumbling adjoining room although behaved friendly way present
anger,one day child grandmother shut room
anger,school teacher one classes obey keeps talking work one afternoon everything went wrong got exceedingly angry
joy,passed form three exams
sadness,upset
fear,funny take day year dress costumes celebrate
sadness,lost grandmother guardian death father
sadness,sorry sir ask manager take care
joy,patrick ready yet share stevie excitement
sadness,several friends characters different inevitably split two extremes sad know try hurt either parties conflicts one belong
sadness,prolonged separation family
neutral,depends
joy,boat trip denmark us lot fun spent sek one armed bandits odds jackpot sek
anger,fruit vegetable growers area furious decision
joy,thanks lot
sadness,first boyfriend left tried let understand felt miserable
fear,anxious accepted trying extra good even perfect
neutral,try hard
joy,one year stay abroad returned home even glad see much family pleased see
sadness,disconsolate group climbers sitting round kitchen table lean forward peer iron grey clouds rumbling past
joy,nice hear anyway
joy,passed exams first class results
joy,thanks byebye
anger,wives still bitterly resentful fact husbands seem realise needed leisure
joy,th birthday passed driving test glad study much lucky proof really difficult everybody passed test
neutral,maybe
anger,car sadness felt anger way acted negotiating
joy,sure give call
fear,worries certain illness
sadness,whole situation mournful silently accusing sometimes robert think mad landor nonsense makes bible time time
joy,felt happy heard passed examination move second year course
fear,waiting start officialpwg return superdragon great night
joy,uncle gave first year results opened envelope eyes ran two ec meant qualified major economics
joy,remembered tansy said something pendant topaz quite excited
anger,sighed petrova little peeved deductions proving wide mark
neutral,yes jane quite upset manager came apologize get free dessert still
anger,drawn statement infringement traffic ordinance fact innocent
anger,parkin sighed exasperation
neutral,room
sadness,girlfriend lived several kilometers away home one day wrote visit way car accident badly injured sorry see lying bed hospital
joy,position track team trans tasman games eleven
joy,person like much got near
fear,quite classmates done speeches getting really nervous day turn drew closer closer
joy,guy sterne great difficulty controlling amusement
joy,week phoned old friend lost contact years ago
neutral,think makes sense three minutes short time
fear,two children critically ill measles
anger,quiet everybody
fear,concerned include large asian countries scheme would introduce problems small nations could find difficult resolve
sadness,aunt passed away early
neutral,right sarah fool believe could fall trick
sadness,lost traveller cheques
fear,avilalipsett first christmas twitter looking forward weeks solid tweeted xa bloodsport
sadness,learnt repeat first year found solution immediately blocked many difficulties
joy,good starving
fear,jogging forest central park area saw man hiding behind tree got frigthened turned around ran forest
fear,alone night
sadness,son lives country feel sadness see mothers walks children
neutral,um
neutral,think nice
fear,grandfather lung cancer nursed home felt fear alone almost choked mucus secretions
sadness,pictures belsen sheer anguish faces tommies contrasts starkly indifference ss recorded cheery souvenir albums
neutral,wish store close us open house day
sadness,mood
joy,weekend argued parents went home nicer soon walked mum kissed dad thanked birthday presents left including sentimental birthday card
anger,even infuriated read short separation tragedy
sadness,two years ago girlfriend suggested separate really gave shock never thought would say things reason gave suited
sadness,doubt pass
fear,watched crime show tv take dog walk suddenly man porch live distance away people
fear,fear beginning wisdom connotes
sadness,car froze could start
joy,bank let borrow money winter grant spent
fear,child hid sheets fear darkness
fear,climbing mountain rocks loose realized danger high still long climb ahead
anger,classmate damaged iron tried hide damage
fear,one evening saw old guard man knew change something inhuman seconds really frightened
anger,erika intense annoyance fritz promptly accepted invitation obeyed command rather rosa moved floor another boy left feeling abandoned foolish
anger,boyfriend told high demands towards opinion wrong
fear,anything finally left saw today outside shoe store near cafe went cd store pretended looking cd came
fear,done teachers training course ed training asked handle ninth standard class boys school scared face class first day
neutral,really
fear,meera little nervous hair coloured chris used non permanent colour touch
fear,hospital visit prior anasthesia expected miscarriage
anger,month ago regional council refused pay wife due maternity benefit bureaucratic reasons
anger,wrote exam happened done well thought would angry done well
anger,rights use shared house usurped co owners pure selfishness
sadness,heartbroken tim godwin weeps tells tell month old daughter sophie mummy coming back
neutral,thanks
joy,receiving postcard form sweetheart abroad vacation sure would write
sadness,voice shook face white anguish
joy,lexie parents pleased efforts may prevent children dying side effects steroid treatment
fear,scared time ty sc examination decided get st class results afraid thinking papers would
anger,angry abilities singer underestimated
fear,genghis khan adolf hitler benito mussolini napoleon bonaparte latoya jackson share common cats
sadness,forgive miss kyte said lady softly look quite downcast
fear,worried english contest butterflies stomach
fear,bit frightened found something wrong liver however turned serious need worry
anger,hey take money cheater send jail
anger,noisy guests arrived hotel slightly irritated earlier night trying sleep party went yelled wanted sleep get early next day
sadness,despite moments despondency de gaulle certainly give hope
fear,pressed emergency button stayed elevator waiting rescue
anger,time someone let air tyres cycle
neutral,sorry
joy,king bluntly informing ill pleased lack progress corbett making
sadness,father suddenly fell ill stayed months hospital last month intensive care academic hospital died
sadness,fine bad news
joy,thank much lisa
joy,delight even took discussing work leonora listened rapt utterly fascinated glimpses professional penry vaughan secretly found impressive
fear,one day realized alone felt fear loneliness
sadness,informal talk friend talk life another person common friend situation able assume certain problems decided solve suggested problems decided solve get moment
neutral,right company christmas party always amazing occasion everybody relax get know better also time make new friends networking
anger,accused refused hostel work school actually allocated work
fear,texted higher ranking officer asked would okay replace
anger,banishing gripes campaign highlighted public annoyance british gas inconvenience caused digging roads
anger,girlfriend left go another guy even though knew wrong
neutral,hello
sadness,heartbroken mum colette said paul upset
sadness,sounds bad
sadness,jessica felt flustered felt devastated
sadness,last academic year received bad news grand uncle passed away felt lonely bad apart biological ties good old friend mine home
anger,prick fish please sick tastes bloody people
sadness,heard father passed away
joy,exam period studied library alone close friend mine also classmate told application japanese inter cultural exchange programme accepted sure know list declared ran board saw really included list excited smiled day long met classmates friends told good news happy could concentrate studies
fear,feel sick let check nope fever fine
neutral,walk
fear,mountain tour girlfriend passed inn near house big dog began follow us girlfriend afraid dogs draw attention jumped towards shoulders wanted play really like
sadness,must another reason sad said looking kindly
fear,fearing use power reprimands belong minority
joy,end term party last week fun happy sang drank soft drinks possible good time without alcohol
anger,colliding car blame
sadness,friend got married went abroad made feel sad lonely
anger,mitchum furious heard
anger,forget bitter pill swallow
sadness,thinking friends overseas
joy,right feeling excited
sadness,upset
anger,chief accused error made
neutral,room
fear,passengers looked horrified
fear,thought failed examination
joy,instead made way back along sand watching evidently exhilarated surfers
joy,gone camping old classmates storm flurry time felt love concern friends
anger,overhear people talking saying stupid
joy,joyous moment day got marks happy came know marks sc part examination got highest marks ever scored life
neutral,possibly
joy,afterwards mr booth showed delight distributing chocolate bars auction room patrons
joy,working late one bad nights excited dr laurent rushed office
sadness,always feel disappointed many problems english learning
fear,ryanschellshock jeez thought sent one either luckiest unluckiest guy ever
sadness,felt sadness grandfather died
fear,equally inevitably outrage dismay india
neutral,ok spit
fear,oh bear run tiger run somebody call animal control
sadness,leaving mum
joy,wife gave birth baby boy son date
joy,happy together think well matched couple
anger,played basket ball match another school team one team members kicked team mate mine kicked back fight
sadness,sorry allow returns sale items
joy,made debut ullevi ifk gottenburg got good write paper
fear,stopped lights mangere late one friday night way home work alone car someone came behind car started banging shaking light red nowhere go light changed green took
neutral,seems get antsy hear praise another guy
anger,tram ticket seller commanding taking role leader trying emphasize non existent authority undue strictness towards good humoured drunk could find ticket
joy,working hour wrists ached continuous chopping filled immense exhilaration
anger,want justice
anger,today barbecue lucy hissed suddenly infuriated although silas doreen
anger,remember truly angry usually disappointment feel one situation would brother used close seems avoiding
fear,saw snake unexpectedly
sadness,really behind work
anger,towards wife laziness performing usual duties television watching
neutral,physics class creation universe pretty unscientific language sounds religious
fear,living rooms lonely quiet neigbourhood night silent frightened fact alone house frightened
neutral,nine ten may st birthday
fear,wants bacc butt ion kno mann
joy,though lachlan planned expected attack morning quite happy lookouts reported macleans approach early evening
neutral,worry find way
joy,last year went see friends yugoslavia two girls get along well
sadness,apologize tardiness
joy,overjoyed youngster swept feet favourite royal
joy,yes glad chance
fear,know find money
fear,end life symptoms eating sleeping alot life ending
sadness,holidays come end next day go back university exams
neutral,listen background music
neutral,see ok
fear,women share technology fear able find trust sone help impact limit potential missed opportunities
sadness,caused family disturbance
fear,glance slid taking horrified katarina surrounded malicious looking women
anger,sifted somewhat peeved remaining unopened mail
joy,ok thank iris
joy,could use good luck
fear,imagine horror seeing step followed man
neutral,prediction month based zodiac sign different sign month date born born april th aries born
anger,short notice agreed work place friend sick owner restaurant refused allow drink later evening usually always available workers thank generally indifferent towards felt deserve
fear,children talk scary sick rash nightlong crying help
fear,moving graveyard pm one day griped fear told ghosts detain people moving night
sadness,darby momentarily crestfallen saying still think office need find
joy,perfect definitely well
sadness,boyfriend could stand mother
anger,quarrel husband even try cool
anger,oh terrible situation traffic unbearable
fear,one evening going meet friend mine cross meadow dark road bushes side road weather damp bit foggy heard steps behind kept speeding steps time
sadness,hopeless situation dirty place study work loneliness
sadness,work problem
neutral,think
fear,broke knee skiing yastrebetz racing track bulgarian winter resort
joy,wow sounds interesting excuse bit nosy old
joy,getting good mark subject worked hard expected moderate mark
sadness,dolores felt glum sight
sadness,also proud day also felt like kind loss day
neutral,look headline soo mi
anger,work petrol station foreigner wants petrol collegues treat impolite
sadness,might felt little downcast point evening made feel encouraged prospects felt time
neutral,let universe find us instead forcing love prefer natural love important thing happy love find us later say
sadness,oh yes sorry drive motorway
sadness,failed entrance exam imec
joy,selected university despite studyied difficulty throughout secondary school days
neutral,right work hard
joy,mike come look painting shrimp simple yet vivid
sadness,producers must believe ability succumb despondency
fear,profound might become absolutely meaningless
anger,someone stole bike
sadness,oh bad call doctor
sadness,day good
anger,exactly worst part
fear,williamson soldiers fought war understood horrors modern conflict could save europe disaster
fear,suffering failure worst case scenario bad still afraid hmmm think going
joy,camera let see catch film
anger,close relatives tried dissuade studying psychology low status
fear,walking alone dark strange street
fear,remember took land thanks much day winning war terror amazing margin keep people
fear,serious sinking apologize anyone offended annoyed embarrassed front last night hatemyself neverdrinkingagain
sadness,well hard say coughed lot evening
neutral,usually go free time weekends
anger,looked away bitter anger eyes
neutral,excuse
sadness,one day home phone call informing relatives died accident
anger,court martialled anger unpopular governor acquitted
neutral,would like return book
anger,end holiday job got less money due nobody mentioned anything
sadness,knew would happen day
fear,going home alone forest girl guide scout meeting
fear,never shadows simply mean light shining somewhere nearby life quote
joy,realizing one desire experienced feeling satisfaction realization one desires aims
joy,know fell love first sight
sadness,nyu first choice
joy,much got enough city life beijing
fear,borrowed car supposed used long journey hours later one tyres burst middle town know
fear,child fell cellar playing could freed big difficulties
sadness,sad heard brother failed standard exams third time
sadness,turn sir sorry wait
joy,oh ok let meet theater show around
fear,finding able student thought
anger,grown distrustful men doubtful goodness extremely resentful explosively angry
joy,winning close volleyball game intercollegiate team cal
joy,meeting old friend mine
joy,surely know forget regular customer
sadness,learned two friends serious car accident
sadness,think clumsy nothing well
fear,nearly drowned icy water wearing ice skates difficult get
sadness,sad johnny bryan never truly member particular family
fear,faith equivalent power first moves backward second moves forward choose
fear,felt horror pity seeing marcus confused evidently useless
anger,care offended truth
joy,passed exams st class first family got st class family members happy gave opportunity study
sadness,last relation broke
fear,babe mia think crying earlier caused stress hope go something dumb
anger,oh one perfect
sadness,heartbroken hear voice camilla
sadness,happened one uncles died whan planning go visit next holidays
sadness,caught red handed stolen paw paw taken elders owning paw paws
fear,fear overwhelmed right car saw another one control driver
joy,got good grade exam statistics
anger,weekend group people everybody felt irritated night music stop time breakfast boyfriend ran away agree felt angry
joy,found place looking one long time
fear,first year university bad results terms especially first term afraid would promoted next year others would go ahead
fear,prepared exam wanted sleep night exam
joy,complimented called delightful
anger,talked teacher yesterday say least rude unwise irrelevant opinions friend
joy,girlfriend became pregnant
sadness,lives janet barron praises good grief ted walker
sadness,last time felt sad disappointed well hoped one final exams compared earlier exams questions think unjust
anger,vexed expression crossed louise pretty face
sadness,sorry sir double tables left
joy,one day feel well wanted talk somebody friend invited dinner glad
joy,never mind waiting
anger,remember exact example
joy,elation suspicion experience secret adventurous unique
sadness,badly exam
neutral,better say mindless sit front machine time think stimulating
sadness,got depressed
anger,heard step mother treated mother wrong manner
fear,torres entrance strikes fear supporters behind chelsea net hit
joy,yes love good one mozart beethoven festival hall
joy,good report card scholarship primary school
joy,father saved severe work accident
fear,cleaning pile junk house huge spider jungle spider ran near like even small spiders
joy,conquered nerves thank much solzahran learning song asisang lol appreciate
joy,people friendly also food delicious mention cheap
joy,received grade average midterm chemistry expected every average
anger,cheating ugly guy oh feel like loser
anger,went dancing found boyfriend kissing another girl
fear,meet one friends girl library already dark would walking alone minutes late kept waiting calling room places could
joy,met boyfriend discovered shared ideals goals life could share feelings thoughts felt world bad someone really close share life
sadness,two years ago best friend died accident day birthday close felt sad loosing close friend
neutral,sorry
neutral,worry keep forgetting everyone birthdays well
sadness,earlier friend spreading negative rumours
sadness,person loved admired lot died felt empty lonely helpless without support knowing
joy,boyfriend came back away days
sadness,sad got xiith standard results got low marks compared friend could get admission courses like medicine
joy,day got married happiest day life us felt right every way doubts compatibility right day got engaged
anger,teacher arts crafts boys years obligatory dislike tease one cut material flared
joy,phoned great britain tell could go wished summer
anger,absolute nonsense wails exasperated spokesman
anger,read reagan tactical decision concerning south african boycott
fear,ate burrito size arm earlier weathering calm storm
fear,without another word bert rafferty gently picked frightened child made towards cliff
neutral,oh yes
neutral,kind house
anger,two years back someone invited tutor grand daughter grand daughter asked questions mathematics taught however listen made feel unhappy second year entered university girl parents suggested employed daughters tutor told university homework would lot time made time table required tutor five days week respect anyway another child teach
fear,someone tried bewitch friends night
joy,finally qualified profession
joy,okay let go fast whoa thing really accelerate fast
fear,making art viewing art different core
sadness,met good friend year realized grown certain distance us
anger,also incurred anger apothecaries afraid put business complex mixtures swept away
fear,good day office asked hearing horror
sadness,cousin passed away
anger,cross
fear,first time anatomy
anger,bus conductor insulted buying ticket forgot
fear,one summer camping friends devised elaborate plan scare camp attcked wild animal one convincing campground home satanic organization
joy,day good
joy,relatives visiting
sadness,sr hs one class counselors died hepatitis sensitive knew shyness drew improve image missed funeral could publically grieve parents understand
sadness,finding cannot good references china poor
anger,want change rooms fact want refund tonight
sadness,mother father excursion czechoslovakia student camp heard radio events taking place
sadness,departure close friend long stay overseas sharing sorrow parents left behind
fear,live losing lose point life malcolm forbes
anger,mother argument buying clothes accept fact like things ended shouting
fear,chased big dog near house
anger,mother treats year old boy
joy,boy beauty fall love first sight
sadness,sorry mum lock right away
fear,listened soberly growing dismay young bank officer jeddah say scanned computer printouts across desk practised eye
joy,receiving close friends form abroad seen years
fear,oh god late afraid leave
anger,planned go town friend hours went registration waited good hours vital go town could money finally borrowed money friends went town really angry friend
fear,young moved family auckland wellington meant new school friends etc
fear,assistant looked alarmed
joy,great look forward meeting
joy,gioella eyes flashed amusement pushed chair towards said constance sophisticated dress
anger,travelling delhi bombay booked seat one month back also got telegram confirming however train name omitted reservation sheet one seat still vacant alloted another person paid despite requests seat allowed stay reserved compartment paid money
joy,going try sky diving weekend
anger,home lost three pieces puzzle
sadness,afraid best
fear,alone home suddenly felt unwell one help call first aid
fear,nevertheless commission disquiet prevented agreeing designation
joy,close acquaintance cried felt happy somebody cared
fear,came home late one day afraid would shouted parents
fear,visiting parents law house invaded three strange men committed armed assault
neutral,four ports
fear,workmate antagonistic weeks reacted violently criticisms work standards
neutral,yeah
joy,received unexpected letter friend met short time sent poem wished good luck felt happy great esteem person
anger,hoped offended times reporter
fear,brother lost temper started smashing things house quite scared something terrible might happen till situation brought control
fear,plz dun tell jay
joy,one year rather bad relation father last christmas eve invited stay glad fine evening
sadness,friend mine repeated year school pass final examination take half year later
sadness,sad first boyfriend finished relationship
sadness,oh god feel nothing going smooth
fear,nerves edgy tonight like day tooth posioning expect go dentist putting years
sadness,well breaking cathy
sadness,yes kept typing midnight lost
sadness,brother visa got cancelled
fear,people likely die hospital weekend
anger,well seen rip place
fear,became concerned saw husband becoming different person
fear,getting back psych midterm
neutral,dozen
anger,brother got low marks exams angry put studies aside help every time brother badly school family members blame well
joy,met friend seen long time street
sadness,know father fail kill well
anger,know still heard good thing angry feel sad around
sadness,boyfriend finished relationship started studying psychology nijegen would able meet frequently anymore
sadness,focus inconsolable grief inspires poetry literature symphonies songs
sadness,received letter form home telling sister sick
joy,admitted institute problems many people applying institute decided prove one pass excellently without visiting preparatory couse proved could
sadness,sorry sir ran chicken may suggest delicious beef burritos cheese quesadillas include side guacamole jalapenos
sadness,tennyson discloses setting mariana shakespeare measure measure dejected mariana resides alone moated grange
neutral,buy brick
sadness,girl lusted expressed reciprocal feelings days later changed mind
sadness,girl went away holiday without saying good bye
neutral,need
anger,livid opal
joy,accepted college football team
joy,winning local soccer championships year great joy
joy,tell improve
joy,sucks wanna go grab beer
fear,friend father died come see friend although know family
fear,much merciful touch likely measure prevent suddenly terror stricken passengers attempting escape crowd
sadness,saw dating ex boyfriend
neutral,chicken guy
anger,teacher tells story true reflects way interpreting reality
anger,insulted public
sadness,death close family
joy,took year old woman evening hamburgers described evening happiest night years
sadness,sorry get new player
anger,girlfriend disliked played majong game gambling expressed regrets went see neglected existance angry left displeasure
joy,course children adults enjoy books
sadness,problem many poor people might suffer
anger,expensive car city
joy,symbol laughing hoar frost fighting snow admire bravery plum blossoms
joy,one year searching friend found flat able pay
fear,two summers ago best friend drove unknown mountains midnight pick broken car told one another horrifically scary ghost murder stories succeeded scaring eachother pretty well even though somewhere heads knew fears unjustified
anger,parents furious engagement business
joy,waiting line get one master li chinese couplets got one last year good luck year
sadness,oh past months become quieter bit secretive locks room think running around wrong crowd
neutral,never
fear,food store safety officer felt dismayed frustrated see journal members staff wearing inappropriate jewellery high risk areas hair kept within hats
sadness,yes bad traffic accident look car looks like squashed coke
sadness,one studies seem hopelessly difficult uninteresting
joy,day told accepted student economics
anger,got low marks sc final
sadness,failed exam last summer worked hard disappointed thinking hopeless continue college overreact
anger,wayne livid hears
fear,oh dreadful ever sorry
sadness,skim please nice thanks oh janna sorry got go
sadness,could get university wanted get
fear,gripped fear oddly apt phrase times feels like fear gripping like gripped fear
fear,life game chips fall may times fall want
sadness,sorry booked friday
sadness,close friend mine went hospital major operation see relative relatives
sadness,really hoping would pass examination failed felt sad
sadness,take cellphone time
anger,certificate examination poor biology worst result class ever since getting poorer poorer tried best spent time studying subject finally results bad thought fair
fear,richmond councillors worried plans turn old cinema riders wind queens road junction diy shop
sadness,never failed examinations since standard experienced sad moments sat standard examination selected secondary school education
anger,somerset furious suggestions ghost took left
fear,walking park night dark late began hear foot steps around us could find way
fear,could find year old daughter ran looked everywhere could find finally found gone bed sleep
anger,dad told something done mother
neutral,different world becoming colorful friends feel pressure marry want wait right moment
anger,felt resentful eyes burning nape neck
sadness,failing exam
anger,know people live flat
neutral,sports like play
joy,parents brother came weekend close family first year away home brought one jacko lantern new design old joke great new design always
sadness,sorry must really nightmarish day family
fear,received representations matter aware disquiet among groups hon gentleman described
fear,seemed agitated restlessly pacing looking crowds drawing back shelter arcade
neutral,necklace
fear,assume position expect
neutral,like call weekend want drop chat
anger,robbie exasperation found vent
sadness,oh sorry
anger,mom unfair
joy,discussion colleague mine realized conception man work similar mine
joy,hi nancy nice meet
fear,dream fiancte leaving making end relation
anger,informed queen dowager decision resentful refused permission return home anne made displeasure plain
neutral,days classes
fear,flaps described detail many pilots fully understand make best use may nervous first flights flapped machine
anger,said going window shop
fear,travel alone unescorted first time night journey train distant place
fear,like time runs runs faster fastest oh make self beating well
neutral,oh yes know one food
neutral,cat
sadness,occasion city accepted relish chances came way inflicted serious psychological damage dejected opponents
fear,widespread disquiet media elsewhere
sadness,turn drawn time miserable jean pierre
joy,managed run km skis fairly simply
anger,father banned going sister home due misunderstanding two
fear,watching procession holy week penitent approached
sadness,brian davies also near coventry entered immense pumpkins marrows seemed mournful
neutral,ok bye
fear,days ago really experienced fear connected unexpected actions part group people evoked many negative emotions
anger,surname brother different often grinned home provoked others pleasure made angry
fear,ten could remember mother angry fainted suddenly scared know
anger,given exam thought measure ability knowledge subject
fear,moved away home feared leaving
fear,wanted go house suddenly big dog standing beside hardly moving know would react later
sadness,find something otherwise go back taiwan broke two months
anger,angry government acted concerning hainburg especially saw discussion tv
fear,inter rail naples alone evening restaurant going back hotel prostitute approached sell refused carried walking felt followed someone
fear,guess adventuresome scared
anger,move different city company father worked also moved place difficult make new friends
sadness,really sorry face music
joy,chuckled delighted amazed
sadness,think could cope heartbreak
fear,one evening father told go cellar get beer terribly frightened idea man sitting cellar assaulting defence took empty bottle
fear,drunk life partner tried hit felt scared fled bathroom
fear,car driving skidded icy road landed ditch one side rock
fear,one night alone home fear caused strange noises put imagination work
sadness,learnt boy liked girl three years
anger,someone played trick
anger,also pretty peeved see ministry agriculture failure represent interests adequately brussels
neutral,oh yes
fear,big angry dog put snout arm made one movement would bitten
fear,sound guy fucking fired
sadness,attempt counteract despondency reclaim green world solely balm despair arranged barry help interview david ricalde
sadness,work
sadness,miss sorry delay please enjoy free glass wine inconvenience terribly sorry make wait long
joy,meeting conversation woman somewhat elder considers child also one child last two years lived relationship
anger,come liz open minded look eyes puffy eye bags dark loose full lines circles really hope surgery wipe tired feelings
anger,close friend write
anger,hour journey
neutral,yeah live vacuum traditional values long different history
joy,last course passed good marks three subjects previously failed
anger,insulting letter father
joy,sure sister law husband bought house way pretty satisfied
fear,experienced fear prepared final year degree exams
fear,fear fear much alive fear die alive million year byebye lyrics quotes
joy,sure remembered phone number call
joy,hi andy judy nice meeting
joy,recently managed get first consulting assignment initiative
fear,matt moore knew gonna happen tried get ball ware
sadness,know sorry ever bought
sadness,sister died fire accident home
joy,excited says charge
joy,met great friend talked little see another miss
fear,managed fail first year university scared going future want mundane job yet know could pay way unsubsidized year university settle continue studies
sadness,heartbroken father wedding
neutral,going take courses
anger,little niece talkative suddenly became naughty began wetting pants one afternoon
joy,never mind let go falls try
fear,illness years back severely malaria asthma lost health charm cheerfulness completely
sadness,sorry sir tables main dinning room left
anger,tonight one hadley victims described anger towards relief found guilty
neutral,sure mom working family tree years always updating
sadness,mother law went hospital hank flying tonight
neutral,sneak
joy,girlfriend sent letter shiny picture
anger,offended took personally
anger,flatmate put thought better felt
neutral,well already taken know wife right
fear,scared stroll alone chung chi college campus
fear,imagine horror beloved face discovered fact flung rubbish much prized read collection guitarist magazines
sadness,depressed person may cry great deal show self pity lack interest outside world enjoyment everyday life even food
fear,shrieks terror coming corridor flatmate plays endlessly entertaining
joy,felt greatest burst joy heavily ill long period father came back home
fear,terrified hear alipearce singing karaoke tomorrow think ears might start bleeding ahh
neutral,hi jack working documents manager wants half hour
joy,received assignment back got grading
fear,boy gave nervous smile jean paul gestured waiter
sadness,father lost temper home mistreated work
joy,today lot better architecture project expected
fear,took blood patient alcohol estimation urine examination told something bad would happen would play magic
sadness,received letter friends live madrid telling would come holiday arranged everything
anger,may still arrest better stop talking
anger,one morning standing bus stop bus passed without stopping even though passengers inside felt angry rude behaviour bus driver conductor
fear,seaside brother disappeared couple hours
joy,graduation exams waiting get admitted post graduation course however situation favourable upset suddenly bombay university offered seat landed bombay post graduation studies happened last year pleasant
anger,unjust precise bureaucratic treatment one personality
anger,looked offended guessed idea discretion swapping length lead pipe rubber truncheon
neutral,oh yes
anger,conner still furious losing tuesday protest
neutral,hi becky
joy,remember excitement children faces
anger,even bother coming home
anger,granddaughter anger like took sting ballater wrath
joy,time ronni admitted feeling little like traitor confession sense pure delight felt guido gesture
joy,culley imagined susan gleeful smile waited yorke work
anger,envy also hate time
anger,course ed really peeved martinez handled whole harley business
anger,really made rule
neutral,oh ok
joy,passed exams parents allowed carry studies happy
joy,right
anger,dare
joy,let stop car enjoy minute
joy,first time really fell love girl
sadness,oh darn look done spill drink
anger,cross go
joy,figurative arts even poetry expressed mixed feelings elation past victories fear future incursions celts inspired
anger,conflict pupil
joy,one friends breakfast restaurant spontaneous lots fun
joy,gratification blackwells approached expressed interest project something dared expect
joy,sounds like fun get clothes old
neutral,course tv stations need make money commercials programs
neutral,well always say busy
anger,friend half teasingly called bad nickname felt insulted kicked hip anger stable later feel angry fact afraid friends us would think intolerant person however could apologize pretended nothing happened smiled left friend say anything watched leave
fear,cycling park late one night two people jumped woods tried stop shouting something time
joy,contrast exhilaration frozen lake come swiftly
anger,mounting anger making speech incomprehensible stroke stiffened mouth
joy,parents anniversary hosted party happy
anger,discussion mother realized moment doubt justification making decisions concerning life
fear,left alone biology building surrounded empty buildings
anger,damaged wristwatch liked much
fear,waiting give marks difficult subject year
sadness,sad also slightly amused read recent letter reader skilled worker offered hour
sadness,soweto uprising south africa racist gout reaction students demands concerning educational system
anger,government decided withdraw student allowances one conditions imposed imf
fear,felt quite frightened accepted invitation
sadness,honest intentions marred another jealousy
sadness,last night insisted grudge taylor even though column openly discussed innermost anguish one three england players kick ball finals
sadness,brown nearly auburn hair clung scalp misery sad eyes stared freckled face hands clenched tight
sadness,parents failed visit promised
anger,say susan brother dropped town offered put days driving wall guy bottomless pit
joy,okay
joy,got sc degree first class
sadness,curious sensation since fact eyes downcast apparently studying vinyl squares floor
anger,sick people job getting blamed right
fear,still worried extensive rewriting history school text books subjected something us remained unaware second world war
anger,alowed school camp class years stayed due illness
joy,last night chat fellow student known half year first time speaking language meaning inspiring discussion encounter
neutral,come country shake hands
fear,really beautiful
fear,decided separate husband
fear,gain confidence every experience really stop look face roosevelt
fear,sexually assaulted rape passionate kissing friend father stopped driving home wanted lift refused times felt rude refuse really afraid might
joy,happy got attractive summer job
sadness,oh
joy,seemed happy victory germany expected win races last year
sadness,creggan never short life felt desolate try could rest fall asleep
neutral,dad
neutral,look good
joy,first prize science fair first kind school form ii
fear,case fact matches theory mike humorous energetic always fresh daisy probably ambitious frightens
joy,talking friend said something funny
anger,car towed away traffic police wrongly parked however sign put already parked
sadness,sorry going check chef right miss checked kitchen said order coming right next oh comes
joy,inflammation ear child got cured doctor said ear completely right
anger,father took away cherished diaries burn also sad oh hated
anger,form three taking mock exams someone else friend making noise examinateur picked said would tear answer sheet got angry girls involved
sadness,expression community sympathy many local children south ronaldsay made sent cards four devastated mothers
fear,treated improperly someone
anger,stanley still singing elvis song really hogging mike
joy,heaven
sadness,desire first go palace westminster lord greet queen mother tender condolences share grief family
joy,understand feel happy walking street afterwards
sadness,well fault anna
neutral,diana like perfume gave
sadness,boyfriend took father grave
neutral,yes
sadness,reason feel dejected future
anger,hywel glaring mad put suit
joy,wonderful evening
anger,always gets angry takes customers home
sadness,first tony looked less happy said become somewhat despondent lack progress finding employment
neutral,say jim going beers dinner
sadness,boyfriend turn time promised would coming
anger,russia miffed membership plans east european nations delighted
joy,experienced joy friend nd birthday party good food good liquid good company good music overall warm atmosphere birthday girl communicate incredibly well felt content warm inspired talking giving neck massage
anger,classmate used personal relations get seat subject wanted also taken pains help apply get selected like told facts earlier need lied
neutral,son days
anger,gave tutorial student found lazy pay attention taught easy questions wrong deliberately
neutral,say
anger,infuriated gritted behind clenched teeth scowl deepening
fear,appointment good friend came hours later agreed upon last hour waiting afraid something might happened usally time
joy,one year old son gives spontaneous kiss
sadness,seems strange burying
anger,feel resentful god decided take allotted span
anger,listening long speech party leaders wasting time
anger,worst incident hostel life insulted close friend mine eve new year totally spoiled new year night
joy,good trip boat good friends
anger,anything
anger,nevil work snapped truly indignant
anger,stupid machine
sadness,perhaps felt well days
anger,mother scolded coming home late
fear,looked like crowd frightened children
neutral,class monday wednesday
sadness,yeah boring rather read something exciting
fear,experienced drive car passed one comming opposite direction incredibly small distance
anger,gloom despondency hung royal party anne little resentful required join sanctuary
joy,someone made compliment examination moment needed amicable hearty sincere
sadness,rosemary sandford darlington association disability said saddened disappointed given opportunity express views meeting
sadness,lot today forgot set alarm clock last night woke late morning worse missed school bus
neutral,good tell truth wear perfume
sadness,talk weddings made anne feel downhearted impatient secrecy john insisted
neutral,hello
fear,mom dad come room think something bed
joy,emotional reassurances spouse
anger,discussion resulted insult opinion justified
neutral,yuan
joy,took math midterm knew really well friday felt great joy week well test
anger,favour cougars
fear,weapon choice used bullies cowards feel powerless control manipulate others means
fear,becoming agitated
anger,kisling livid help friends managed grab sculptor throw stairwell seventh floor
neutral,good hot chocolate
neutral,going concert evening join us
anger,parents put pressure buy clothes would liked
anger,class leader told chosen english lectures
fear,block dream allow fear grow bigger faith mary manin morrissey quote
joy,good let go
sadness,sad relations friends good
neutral,next
sadness,much seemed made tom grief courtship araminta forward looking deep grief needs roots past
neutral,paper influence television children
anger,going cowell hospital finding tediously stress fracture anger came senile doctors found weeks later stress fractures one foot crutches distinct pain barely could walk classes said would better weeks
joy,obviously staff delighted appointment new director made sad tom gone proposed reorganisation occupy minds staff
neutral,beach
fear,still feeling little anxious thought would could get bed night
joy,bill seafood restaurant
fear,watched movie scared
fear,whhen front tyre car burst
joy,china winning asian olympic
sadness,leaving home move closer university oldest child experience traumatic parents
anger,tapping pen desk driving crazy
anger,gone school without learning anything usual
joy,man going around gave special present
joy,need car walk work
anger,stop running around front tv sit watch
joy,would really help lot grateful
anger,moved flat friend lived left flat terrible mess angry sloppiness impudence
fear,march busy studying night could sleep two three hours fear would weeded sent back
fear,football match went home car friend drove realize drunk car madly racing several times dangerous situations told cautious care
neutral,days
anger,went lecture cancelled second time one negative attitude towards lecturer
sadness,awful hurt
joy,true michelle lot like henry many ways shy new people like
sadness,came know girl fond already boyfriend
anger,stephanie get school left dorm morning hour half ago happens time always take long
sadness,concern turned heartbreak heard mother grim fate
fear,somebody told friend would hit wherever would meet
joy,summer sailing friends greece felt joy
sadness,felt sad argument boyfriend felt understand point carrying relationship
joy,perhaps elated behaviour evolved connection rise hierarchy depressive behaviour fall
fear,looking father sheen forest one day playing friends neighbouring villages flock escaped went far place became dark afraid father went home hid
fear,letter boyfriend began way thought going end relationship afraid reading rest
joy,greeted sympathetic rather amused smile
anger,sister asked duck soup good
anger,yes horrible wear green every day
neutral,still coming place dinner tomorrow night
fear,stuck cried dismay
joy,admittance university
sadness,saddened article uses spurious connection dialect poverty means attacking english teaching country
fear,cindy scared
anger,heard acquaintance mine spreading rumours affair close friend
fear,took luggage away
fear,affect reasoning even brave men lose courage time injured exhausted
anger,found cousin killed angry world murderer ex boyfriend worst hateful day life
anger,someone talking back
fear,jsargent wat happened sat nite rem much back party
anger,position question vision statement
anger,think really want hear
joy,like pizza
anger,felt anger person told bad things absence
fear,morning going dentist
anger,friend visited made comments house garden neat tidy past seen year implied gone pack working full time taking university exams part time
sadness,short term romance summer vacations first met felt excited wanted avoid met times proposed stay apart felt sad
neutral,song
sadness,meet girl discotheque pretty happy turn thank god friends able less good time
anger,tried breake boyfriend refused let go
fear,travelling night
joy,like good
fear,use sites hey let go check flea market later
joy,jim weekend
fear,bleeding much
anger,liz suppressed annoyance could take hold
anger,go exam room see writing materials plus identification card place left
neutral,teenager know teenagers often rebellious mine good age child
joy,drakellaj hope know reason fun still
sadness,train taking military service left station platform remained relatives projects good times hard year ahead
sadness,sense rather sad writer remembers
neutral,quite sure
neutral,start worrying weight
anger,however knew angry leaving long
fear,little fishing boat ran hard weather open sea
neutral,wanted insurance company let stunts done stuntman know used stunts leave experts future
sadness,damn knew wanna fall cus pic trying hard
sadness,end senior yr high school found friend mine knew cancer diagnosed terminally ill
sadness,afraid already booked next sunday thank
sadness,sorry things sale allowed refunded exchanged
fear,left alone dark young
anger,got bus found wallet stolen great loss monetary point view lost documents identity papers result spend several days order get new one always remember work bad treatment suffered bureaucratic behaviour civil servant already bad luck treated like criminal one point time really wanted quarrel
fear,walk streets late night friends attacked one night without reason
anger,late night discovered stolen bike
joy,absolute delight first trap held must seven pound salmon plus couple mullet ignored
sadness,first time left home
joy,special friend said love first time
anger,yeah right office falling apart frank told day gutters outside clogged parking lot flooded
neutral,afraid
fear,father drunk raging home
anger,one day lent tennis washed sister asked asked soil washed next day looked tennis dirty wax could soiled lack consideration felt angry
joy,passing final examinations social worker
neutral,stunts movie
joy,first time slept present girlfriend best friends year hesitant getting involved emotionally
sadness,father died away time know two days
anger,clive greenacre put agoraphobic wife started express anger callous behaviour also amazed sexual demands started make
fear,ians want replace military dictatorship civilian one avoid elections cost
sadness,hearing developments sience west lot better china
fear,tom shakeshaft reveals dismay plans drive dual carriageway right beautiful piece countryside lives
joy,oh love roof tiles spanish style houses
fear,brother left movie markwahlberg xa xa miss already
anger,difficult moment express correctly thought came distortions bringing highly negative distorted results
anger,person authority school teacher telling blatant lies headmistress would let defend also telling lies members family
fear,anyone could typed message initial realised dismay
fear,two hyenas made crying noise window bedroom home preparing mce examination night
fear,daughter yrs went colt tried hit turned kicked heart sent flying air left mother sister deal nurses felt want know going die much
joy,period falling love time met especially met long time
joy,maggie felt odd excitement stirring inside
sadness,dog stolen
anger,got florist georg saw father emerging really cross cross leapt driver seat intercepted willi pavement
fear,st claus day five years old st claus devil servant came see st claus devil servant rattled chain bowled terribly frightened parents ask leave
anger,friend often played joke sometimes thought nonsensical person went friend house walked first shut door firmly behind felt respect moreover friend behaved like angry bad mood
fear,greatest fear greatest anything potential
joy,evening class teacher got positive feedback atmosphere good kind relaxed understanding exists
anger,think done
sadness,heard news brother passed away first time lost brother
anger,angry boyfriend turn promised
fear,passenger vehicle suddenly another vehicle came behind overtake us however another one coming right front vehicle changed course blocked way crashed side road
anger,said community anger running high
anger,problem geez fit going help
sadness,quiet sad first would leaving promised would never forget would often return visit
sadness,father death january moved deeply gloom prevailed almost two years still recover
fear,watched terrifying film lt film really pushed heart body forced go second reel ended
sadness,made disappointed
sadness,feel miserable took death wife hard know
neutral,suggest walk gym play singsong meet friends
anger,father died natural father contacted year father died angered thought dead father
joy,felt great joy knew father going sell apartment guarusa way helded means go place apartment
joy,boyfriend came form rumphi london visit happy see believe
fear,fear emotion experience often naturally exams subsequently waiting results however one occassion paralyzed fear series student lectures one participants lecture happened opening lecture confident morning twenty minutes lecture confidence started failing felt heart go cold lips go dry really paralyzed incident fear still fresh
sadness,hearing news death sister felt sad
joy,life like box chocolates never know gonna get
fear,confronted opinion hassled police
joy,saw tv china winning gold medals
fear,one afternoon helping home property mustering getting cattle bull turned came
joy,saw friend mine seen long time lost address telephone number
sadness,thinking changing major months original major chinese language blocks way face many problems sametime know real virtuous know interested chinese factors make sad clear study communication journalism clear limitations hesitate feel adjusted
joy,paula mother nicola richard pleased local council made playground town park child friendly
sadness,clear picture sad lonely man deeply concerned health dwelling future seemed promise fairly rapid decline senility
anger,supposed far nobody turned left work first break day
joy,learned ecography mother expecting baby girl wanted
neutral,updated virgin three minutes video date know online dating website providing service microphone webcam sigh face face guy talking maximum three minutes
sadness,wedding guest exactly beat breast looked considerably crestfallen
fear,afraid driving special seat motorcycle mainly certain colleagues exces self confidence drive beyond limits measure traffic main victim always person sits behind driver
neutral,airmail
fear,children israel remained desert years trust god future
fear,father home broken thieves guns
sadness,one relatives became seriously ill felt sad know ever
neutral,mother law used thing us disciplining enough disciplining much also complained food fed schools sent everything else sun
neutral,yes magazine arrives post beginning month every buy magazines
anger,mayor chaplain tony rees furious refunded overpayment
anger,new gas connection installed mechanic came rude mother rushed thhe dealer mother fight dealer seemed unreasonable taking mechanic side ultimately matter resolved father went spoke mechanic asked apologize
sadness,gobbled bird one go said mournful bird watcher yesterday
neutral,almost impossible get right balance strict kids might ignore lenient might go wild
anger,woman affronted
anger,doctor looked offended
sadness,farewell party place working year night could fall sleep sad thinking would see nice fellow workers
fear,whatched horror film friday th
neutral,good stars com starts paying us need vikam cash anymore
joy,yes love good one mozart beethoven festival hall shall go
neutral,sick
anger,felt anger end telephone call good friend told would go travel next year another good friend talk
fear,young got lost street police found day
anger,connahs quay angry halkyn decision call match pant newydd hour scheduled start
neutral,excuse seat taken
anger,onlookers first thought accident part show creased laughter making poor man even irate
neutral,two classes still open
neutral,problem
anger,always chip shoulder
anger,father treatment mother disregard committed
anger,explode made mess matter
sadness,set backs
anger,ex boyfriend began date best friend seeing found sleeping another girl without friend knowing told friend behind back
joy,explained pupils know answer share excitement working problem
joy,yes waiting home
joy,one could get terribly ecstatic would dangerous thing
anger,feelings towards would laws participation recent broken relationship
sadness,sorry price final
fear,stayed alone house great brittain lot rumour newspaper murderer still free
joy,finally found place live felt relieved predicting changes life became happy
anger,stop teacher treat different everyone else
anger,called friend let promised tell certain concert occurring get tickets really looking forward nothing told blue one day fantastic concert going
sadness,clergyman trains priests yesterday said saddened surprised sacked admitting believe god
anger,european consumers pressure group angry chaotic state control potentially lethal products
anger,lissa hated cold incisiveness tone angry caring much
anger,girl entered division work greeted everybody
sadness,left home melbourne come land study hopped car hugged mother shook hands father sensing immediately father sadness also flood emotion
neutral,hello
joy,whereas crime punishment novels follow though narrow glee ahead fact unworthy art idealism deeper realism intend
sadness,learned dad cancer knew going hospital tests mom told picked one weekend cal take home
joy,worried delighted home
sadness,pass english exam learn english well give suggestions
joy,look daddy think handsome
anger,older brother gives unwanted advices problems relationship girlfriend
anger,us banks also lost heavily furious bundesbank refusing compensate
anger,friend promised get book important work forgot
joy,accepted student psychology guttenburg
anger,stick gun ribs take everything
fear,eventually get tired running
sadness,succeed enter university felt college entrance course sistem prejudiced integrity effort corresponded
sadness,fell way school bike got scratched really sorry
joy,neighbours recalled ms bailey overjoyed birth daughter
fear,heart thumping disquiet
joy,weeks back received christmas card friend england written long time showed still remembered
fear,father chronic desease autumn strong fit seizure
sadness,realized girl loved leave
joy,life leopold must truly happy hopes prayers beloved son seemed last come fruition
sadness,one day came across certain boy intruding friendship lovers girlfriend sad expect girl disappoint regarded faithful
sadness,disagreement parents alone father sister aggression continued father tried put sister mother revealing facts happened past like talk father mother law told mother quite save
neutral,maybe get tongue piercing
fear,swimming hit head bottom pool required stitches later learned consequences could much severe terrified
anger,talk great time
sadness,father children killed accident
anger,yes think lost important clients recently train
fear,pushing court roller ditch slipped fell roller rolled back towards slope miracle still legs intact
anger,one day appointment boyfriend objected begining however visited convinced come day appointment wait hour
sadness,would like anna think need little space bit
sadness,death father
anger,diehard fans might miffed left tough argue songs included
fear,got nasty electrical shock tampering electrical applainces
joy,unexpected possibility see friend like much
neutral,kind
anger,person affair talk public
joy,wanted go walk know either suddenly invitation appeared
joy,nevertheless father mother matter may well pleased boyfriend takes time chat
neutral,scene
sadness,wanted pregnant succeed depressed every menstruation
sadness,parent place long time went visit high expectations different expected
joy,ok
fear,love dish well coconut chicken rice
sadness,often skip classes like
sadness,disqualification two mates military service
joy,feeling really low series fights siblings pressure school going party wanted go instead going family guy called said effect nice liked hence emotional joy
fear,friends crossing street one friends seized car thrown aside seen car coming direction enough time react prevent accident
sadness,sir afraid
joy,met present boyfriend boat trip england said would call got back sweden going town england soon walked called england could wait till came home
joy,got degree first class
anger,learned class mate given list peolpe help exams professor
sadness,finding chosen english lectures
sadness,several hours passed sat knowing maud would inconsolable missed charity dinner
neutral,months
anger,employer took many aspirins bad back also drank enormous amount spirit dangerous understand done anything wrong
sadness,lucille despondency caused fear sharpe death british defeat dared articulate thought
fear,eddies bodyguard hire contact directly services eddiesantanavip gmail com kingvipprotection
anger,last semester dated girl known almost year however one night said wanted us friends confided friend jim really suffering month two later broke old girlfriend started going regularly girlfriend romantic relationship significance feel anger friends
joy,saw name newspaper knew entered university
sadness,leave home go place study
joy,watching world smiled laughed seeming perfectly delighted husband newfound status
joy,yes see summer heat winter cold still far away
anger,wanted knew spoke blow decided go home called later night answer phone
anger,look done thumbs
sadness,looked around felt twinge sadness carriage per cent commuters men five women forced stand aisle
joy,yes exciting month crossword puzzles
sadness,father heart attack home still living recovered relatively well although retire implied relief stress small scale enterprise
sadness,father cerebral hemorrhage
fear,walmart inesha ip saw midget freaked completely kill lol
joy,lover felt like gone full circle relationship new fresh vital etc
joy,accepted chinese university
fear,close auto accident almost driving road
anger,late waited long
joy,however thought might share amusement thought baked beans low tension
neutral,advisor
sadness,girl cousin
anger,heavy work load two colleagues nothing disturbed terror ringing continously interrupting telephoning
joy,really great place watch baseball game
joy,first time brigade year time sister bear child mad joy opened telegram parents learned nephew
fear,like rambo said one scores horrified students fled university massacre
anger,unfairly got low mark exam failed win grant since much confidence exam
joy,church choir came one sunday away weeks
sadness,father taken detention cids two years reason know
sadness,hope always caught short
anger,sorry good enough help
fear,huddle beneath covers dismay one duvet slim pink layer fabric resembling furniture cover
neutral,course use machine needle pokes skin inserts ink
fear,trip phillipines summer staying hotel room staying silent dim lights last night felt frightened lay awake could hear sounds around dared open eyes waited dawn
joy,said co boss curbishley bit disappointed lennie lawrence middlesbrough come price fixed happy lad still
fear,think dangerous turn
anger,yeah right serious also cut sugar intake well drink carbonated drinks high fructose syrup really healthy
joy,mrs thatcher mastered sound bite repeated intervals like mantra pleased going
fear,close drowning
anger,confronted feeling institute quite recently pedology lecturer cause
joy,afraid tomorrow seen yesterday love today onwards upwards
anger,never went court
joy,feeling joy confessed sin experienced god forgiving grace cleansing power total enlightenment freedome bliss
joy,sister history one abortion one stillbirth gave birth perfectly healty boy
joy,close married friend first child
anger,take morning example subway packed morning got totally squished hundred busy commuters way work
neutral,hit white ball cue white ball hits colored balls want get colored balls pockets
sadness,oh sorry hear sir exactly problem
sadness,sister marrying bad man cruel
joy,phoned friend mine ask news marks exam told passed
fear,afraid dead body
joy,well wish luck
neutral,like
anger,angry friend mine behaved affected manner
anger,fine let call truce try considerate keep noise
anger,sheriff said likely explanation father become exasperated
fear,dont believe lies look eyes please dont scared remember feeling isnt new dnt
fear,stayed vienna class friend behaved incorrectly teacher threatened us exclusion school
fear,diving ice cave depth metres visibility almost zero oxygen level decreased threateningly three us divers one safety rope
sadness,father suddenly fell ill died
sadness,peculiarly nasty technique persuasion causing great psychological anguish throughout middle ages even today
joy,engineer ibm
joy,singing lesson good last exercise singing scales well teacher seemed satisfied
joy,receiving result slip pass birthday
joy,thank tried best happy know like
sadness,someone close became paranoid schizophrenic unable see person situation
anger,english teacher unfairly made repeat semester thought passed ask parents money carry studying
joy,right sir may driver license
sadness,sorry sir bought weeks ago refund one week
joy,receiving notification made successful application speech therapy course uni gave good feelig achievment joy
fear,say penis related shoe size well makes getting raped clown much scarier
fear,definitely wearing something neutral red baton rouge next week cajuns
sadness,received results found could go school choice
sadness,mother scolded something insignificant without knowing real cause happened
anger,thought measure self control waited express annoyance
joy,heard name announced radio successful interview admittance medical assistant training course really happy enjoyed dancing music radio cassette
joy,shanghai
anger,close person lied
fear,indeed much disquiet delay immediate fulfilment
sadness,thought read boring book pages english
joy,selected study university
joy,excited smile face told ingrid girl enjoying
anger,think annoying overcharge customers handsome margin
joy,please wait come back performance must really amazing
anger,saw big man hit another one nobody anything
neutral,story policemen investigating series strange murders play part detective catch killer little evidence psychological th
sadness,father passed away
fear,walk along dark road alone
fear,threatened knife military soldiers form another unit reason girls
neutral,like classical music
neutral,see happening know good cook nothing like would ever happen
fear,operated knee go rehabilitation
sadness,five minutes went reflected rosemary must feeling miserable travis checking see travis right passed went bed
fear,escorting relative bike passed dark road bushas side half way road suddenly saw white dog appear one side could anything vanished moreover seem legs
fear,phobias fear fear person phobophobia mortified developing phobia facts
fear,one evening watching news tv talking danger war suddenly imagined might mean friends people close felt near possible event
fear,stuck th th floors elevator
anger,friend stolen money disappeared
anger,always moment time make decision whether vent anger
sadness,alone coming back home night serial explanation
anger,first late school morning broke vase day
sadness,queen grief stricken death
fear,tooth pulled upset ill
joy,remembered amusement underwear first evening sleet subsided laughter infectious everyone
fear,waitress hauling stuffed french toast might end coming stump ass
fear,little nervous
anger,yes thank goodness bugs driving us crazy
fear,looked children nick horrified face auntie lou
joy,got present friend birthday
joy,study tour got confirmed happy time till tour began
joy,first grandchild
fear,heard rumour st year exam results fear might one failures
anger,never really experience yet
neutral,glasses
sadness,terrible toothache
joy,reunion wife legal separation
fear,nevertheless maeve sharp eyes missed nothing husband looked exhausted troubled felt agitated
joy,opened te score envelope saw got physiotherapy
anger,comes growing irish annoyance continued failure british ensure ruc accompanies udr operations
fear,horror gunfire differs little horror inflicted guillotine sword wheel seems sheer bestiality lurks fractionally veneer called civilized societies
neutral,maybe
anger,ah damn
fear,father died felt alone fear possessed child sisters brothers young
sadness,reaction set felt utterly miserable
anger,really running ground ask time could take long weekend go away somewhere
neutral,big generation gap parents children country
sadness,grandfather died
joy,day work school relationships came wanted recognized work
sadness,sun shining next morning brightness day nothing dispel eline feelings dejection
anger,believe thought cougars going win sure
anger,law said nothing duels species considered human although prevent offended party seeking recourse
anger,friend suggested round way reason late something often late know partly true felt unjustified particular time felt anything anyway late
fear,cycling country came across large herd cows
anger,lot provocation child threw plate floor
fear,watching tv program paranormal phenomena night could fall sleep feared humanoids move
sadness,sorry mr polly
anger,mad dad
joy,army pleased little episode either
anger,believe elected overtime baker account already logged hours overtime
neutral,feel like drinking whole milk today think fat
joy,passed exam
fear,sounds amazing always really find way watch product
anger,response
joy,yeah reminds say baseball america favorite pastime
anger,target great many insults completely unfair accusations large group people
joy,oh exciting guy look like hot
sadness,unfair
fear,staying room alone night
anger,one day really angry food eaten dog anger mother careless keep food hidden proper place
anger,check weight getting fatter
joy,come flatter anymore took job love challenged get turned around without support people
anger,helped little sister years learning mathematics obviously want understand explained started cry grew angry
fear,left alone dark big building
fear,felt disquieted lack interest girl shown anything might happen sort house told indignantly
sadness,looked little crestfallen
sadness,friend mine told going commit suicide
neutral,ok
fear,brightoned also putting getting eye test know ill need glasses
neutral,january th
joy,hear beaches thailand beautiful
joy,seriously injured road accident first steps took one crutch support felt good enjoy alive
anger,friend got angry drove like lunatic others car angry dangerous driving
sadness,strain living together without legal ties leads considerable anguish
fear,awkward moment someone wear thong
fear,first arrive scene accident found close school friend killed
fear,roommate refused walk english lectures walk alone dark lectures biology building
sadness,felt sad lost three kwacha civo stadium sam mangwana playing rumba records expected wanted disco records
sadness,sorry really interested things
fear,forget tourniquet first losing much blood
joy,robyn almost ill excitement outrage
fear,concerned whether adequately looking especially concerned future writer
fear,edmatts smell market regret
joy,passed driving test second try
fear,could concerned choice jam
sadness,portrayed showing sorrow destruction caused german bombers saves day first giving shot clogger
anger,felt angry one time chatting friends suddenly another friend joined us started opposing comment added chatting
fear,diving deep sea reach floor felt breathless cautious doubted able come surface inhale
joy,day got telegram telling selected university felt happy expected selected
joy,funeral acquaintance felt depressed feeling turned joy heard achieved good grade examination
neutral,easier learn
anger,thing know really best work ethic constantly catching msn facebook talking clients
sadness,dreamt father death secondary school screaming top voice woken friend day really sad
fear,david concerned length time says took ambulance arrive
anger,last night finding someone house eaten entire packet almonds bought family treat
joy,thrilled see
fear,dog ran thin ice last spring
sadness,oh sad
fear,came tell service postponed agitated state difficult persuade leave playing
sadness,remember day father died years old sadness great today remember everything day clothes wearing reactions people despair mother brother marked lot greatest sadness felt
sadness,boyfriend almost relationship close friend mine
anger,certain person started say dreadful things calmly felt hurt disgusted
fear,whenever think enrolling organic chemistry
sadness,father dying
sadness,buy car like business car
sadness,get go fishing river hate fish
joy,obviously thought terribly badly time pleased well rigged put mac
anger,somebody took wristwatch promised mended later telling give back rude certain time
sadness,realized make much sense start relationship girl constructive establish firm relationship
anger,supposed arrest
anger,nice think second trust
fear,entered operation theatre underwent difficult operation
anger,fiancee parent place watching tv two tv chairs sitting drunken brother came rudely chased fiancee chair sitting
sadness,met nice people holdidays left knew would never see
anger,replied briefly feeling resentful
fear,afraid certain examination although relatively well prepared
anger,ex boyfriend tried prejudice fianceand family saying things let family worried postpone wedding already using wedding rings honest feel anger felt hate
joy,felt happy learnt qualified grade eight
fear,falling cliff mountains
anger,neighbours accused brother stealing rose bush angry touched
sadness,want sheila know much appreciate kindness shown earlier mood despondency
sadness,britt heartbroken eight year marriage toyboy husband slim jim mcdonnell end divorce
neutral,plot new movie
joy,oh thanks professor donald really nice
fear,drink water kidneys sick
joy,could happen felt deep despondency replace feeling elation
fear,driven friend suddenly swerved skidded little night long trip ended side road
joy,end table ymor watched mild amusement occasionally feeding one ravens scraps plate
fear,may th got summon appear court may th subject impregnanting school girl really feared standing court days time notice also embarassed due formal approach expected principal
joy,delighted learn advice sought present enterprise
anger,christmas holdidays wanted invite brother girlfriend child dinner said brother girlfriend would like come place dinner refused never mentioned never asked
neutral,grannie always tries stay fit healthy always making us kids eat proper foods
anger,colleague asked study could explain things perfectly expected reacted aggressive manner
neutral,focus free camera point press button
neutral,sure join
fear,nah ah nah ah nobody xa nah talk nobody xa bowy nah badda dan weeeee xa suckyuhmummapussyhole
joy,application studying masters degree accepted
sadness,failed exam
joy,selling used car
sadness,want get sad good
joy,dancing tavern atmosphere one waiting end world suddenly people began dancing wildly inspired band unbelievable experience wonderful even finns sometimes flare forget think others thinking delightful dance one heart content
joy,professor winston said thrilled see
anger,stopped saw look annoyance face
sadness,think short time live relate periods life think use short time
joy,honored thought ask
neutral,family record ancestors
sadness,sad heard cousin died bewitched husband second wife
joy,would normally push heart rate pulse already racing due alcohol dancing general party excitement increase noticeable normal
joy,months national service downgraded remaining months
neutral,yes yuan per month
joy,got record gift friend
joy,cranston repeated fighting hard control excitement voice
anger,bitter one tells worse joke
sadness,sorry many travelers tables booked day
fear,afraid dog ran crack fence train coming
sadness,close friend left
anger,one day riding bicycle path car coming opposite direction forced get bike although priority
fear,chatterton sound unduly worried prospect
fear,one seemed concerned museums temples culture art subjected indignities
anger,still feels miffed mystified manager kevin keegan discarded readily st james park premier league clubs willing hire lethal skills
neutral,oh yeah
sadness,make sense
anger,miss train late wait half hour next one
joy,delight sense wonder growth baby erratic interests pressed real enough
sadness,red underwear good
sadness,finding university give first priority qualified practioners clinical years go english lectures
joy,whether palace actually arranged drawing removed little doubt delighted rid
fear,school acted group next day promised take revenge
joy,picnic old classmates chatted played games
anger,believe would dishonest rude
sadness,heard death frantois truffaut french motion picture director radio planned go see last film
fear,one fears many things example one fears going dentist far concerned feeling connected examination session
sadness,finding girl like like
sadness,always get separated friends relatives home town
sadness,night outside drizzling rain everyone except hurried cab flower sellers disconsolate
neutral,calm
joy,fiancee travelled km visit seen months
joy,weary week letters phonecalls visitors younger sister came cheese card pocket money told working
fear,tigers left first half south alabama coach ronnie arrow calls another timeout told smell
fear,years old would usually come home school mother car first time take school bus mistook bus stop found two kilometres away lived scared wondering would get back home
anger,denied job person propsed giving political reasons nothing directly professional level
joy,waltz wonderfully well
joy,friend mine often difficulties parents child better relationship
anger,acquaintance mine beat another person reason thus showed power
fear,saw ghost
neutral,nose joint forgot invite party
joy,could make fortune said genuine amusement
fear,thing holding back
joy,sensed feeling understood admitted university home atmosphere still though full suspense tried different things telephone rang yes course situations felt similar feeling unmindful
joy,felt happy accepted university studies expected ill exams
anger,someone told secret told tell
neutral,really think make us fat act silly remember last time
anger,please explain makes sense girl routine complicated get shower get dressed brush teeth door half hour tops
sadness,sister like much asked favour refused flimsy reason time later felt sorry something like sadness
sadness,little depressed lately
joy,got accepted cal
joy,naturally excited getting championship back years said
fear,hello yes someone passed dongle ave nd street breathing pulse yes friend performing cpr ok thank sending ambulance let help
joy,got kind girlfriend hunting long time
joy,told girlfriend joke openly frankly
fear,soundplatinum thank much tonight truly blessing god give come
anger,great annoyance found jealous
joy,well pleased agreed
neutral,loves nitpick criticizes everything never anything right around
joy,article published
anger,know blake avoiding morning got talk deal mc kinsey food company
neutral,one
sadness,ashes ashes dust dust
joy,set fleeting glimpse leer pure delight simkin face
neutral,trying beat bush talk fruitless
neutral,oh fine kids seem grow quickly nowadays
anger,angry sister began talk nonsense laugh way swept room anger grew tried control telling leave alone vented anger obey
sadness,knew person liked much react way would like even knew feelings
fear,camping friend mine spent night forest could fall sleep could clearly hear noises outside steps approaching tent
sadness,aside fact jill quite capable carrying books glumness could easily due young lesbian forced suppress wishing jack would take stupid pick lines elsewhere
neutral,second language always difficult
joy,stood first exams earlier heard boys girls toppers first heard topped could believe
anger,physically fighting girlfriend walked room friends pushed cursed went find
fear,weak emotion despise
anger,agnes noted alarm pink flush suffusing dorothy face sure sign temper really thought loyal assistant every right cross circumstances
fear,long ago two friends mine got quite drunk one began rave influence alcohol felt fear could happened
fear,finding great difference china west science
sadness,sister bkoke leg
joy,ok take care nice journey
neutral,agree expect close relationship dishonest person people turn back need
fear,walking dark street noone around
joy,dancing well
fear,road car lorry bypassed us swerve almost got run
sadness,grief stricken mr ellis said yesterday nightmare
joy,great looking forward
sadness,end relationship years hurt person much
sadness,yes serious really sorry missing concert
sadness,know really feel like going guess feeling little homesick
fear,utter terrified well made ever want celebrate christmas middle earth
neutral,people think
anger,tell get get around
joy,birthday several good friends came visit
joy,making music together friend sounded good satisfied
sadness,boyfriend said want see anymore turned untrue
fear,thief entered house sleeping
joy,received letter friend missing
joy,heard selected university
fear,scared
joy,birth first child
fear,lumixgoals also increase wage bill sense bringing anyone message say yound talents
anger,oh goodness traffic crawling
sadness,heard girlfriend getting married another person felt sad day eat anything kept thinking day long
sadness,girl answer question concerning love put forward
fear,examination
joy,thank
anger,young became angry allowed stay night fair town
fear,toop oh god drunken disorderlyness sat night outrageous set nicely hope good one
anger,insulted people shop
joy,children born
sadness,determinedly put worries root cause despondency behind tried think cheerfully
joy,success mine real achievement
fear,studied medicine several semesters time developed great fear examinations afraid examination anatomy students examined dissecting able hear everything waiting fear turn
sadness,know always said love
anger,recently good friend called needed something never said please thank kind word
sadness,know mr douglas really sick
fear,interviewing gurl flipped tables questioning freakiest way ever rapist got mind raped ppl
fear,life either pick confidence david murphy
sadness,last september felt sad heard selected study university malawi
fear,false evidence appearing real quotes quote kktny ff follow kardashians kardashians kuwtk
fear,applicable
fear,testing new roller skates street suddenly dog ran barking direction threatening startled terribly upset
neutral,sure
neutral,boss
fear,harrassed gay suggestions physically beaten acting informal bouncer gay bar
sadness,went bar order ellie settled back seat rather sad light eyes watched
neutral,hey lydia reading
joy,mystic vision melted dazzling light omitted perfect love physical experience became unimportant heard saw words overcome egotism feeling joy remained month experience
sadness,walking old mining area unwittingly disturbed wallaby resultant flight accidentally fell deep mine shaft investigation seemed uninjured impossible wallaby get also get shaft prevent suffering slow death shot
anger,busking playing musical instruments underground annoyance passengers offence
neutral,fifty yuan
joy,passed mce examination first worried heard name joy heart arranged trip attend wedding ceremony
neutral,signs
fear,camping old broken hut lights brought along lamp working well door made strange sounds sure strange things happening terrifying bit many wardrobes hut everytime looked glass wardrobe felt objects behind whole night spent fear restlessness
fear,frightened go cellars might die
sadness,death relative friend someone esteem
neutral,ok stop time dance class
anger,shot look exasperation
anger,saw report news apartheid south africa
sadness,well become friends couple older boys band one night last weekend came home really late way past curfew
sadness,mr ross always look sad
fear,examination fealing learned enough
anger,trick really intolerable hid worried restless day saw really wanted slap one
anger,joined rest holiday much annoyance fellow passengers
sadness,know planned
neutral,tony bush
neutral,freeze
neutral,visa
anger,ring last night said would
neutral,damage
sadness,oh enjoy watching boxing television pity missed last night
anger,shared secret friend later turned revealed another person get along well
sadness,realized burden mother look us
neutral,chicken
sadness,friend girl went abroad two years
joy,received money father time completely broken
sadness,friend allowed go english lectures
fear,ar dad power went
neutral,engaged
joy,yesterday received history midterm felt overjoyed received previously
sadness,one good friends migrate america friendship developed quite well pity friendship would fade
fear,thought would scolded comment made made
anger,made statement people believe
joy,heard good movie
joy,gratification almost unbounded arriving belts murray found numerous new species new forms birds
anger,colleague rude understand subject discussing
sadness,yeah whole gpa screwed
sadness,anne sad death misses dolan much happening dwell
joy,excellent sounds like plan
fear,day nearly stabbed death ruffians wanted take money refused give money started running ran somebody else house save
fear,caught elevator got stuck floors
neutral,must demanding
joy,must prepared long time statistics presentation easy find right
sadness,oh forget
fear,mr carruthers said vast majority evidence acknowledged concerned mr mctear would able conclude testimony
anger,practical jessamy insisted annoyance
anger,ought worked harder failed exams take job study
neutral,plus
neutral,late
joy,maybe idea much one worth
fear,lo ga takut untuk mencintai yang lo takutin adalah tidak dicintai balik
sadness,sad saw beautiful girl attainable
joy,christmas approached excitement preparation began get
neutral,time flies
fear,certain night initiation
joy,oh much hetter
fear,yanto realised horror nearest man exit bar
joy,passed exam thought failed
anger,coach team degraded second team
sadness,implies express field worker moral commitment foreign hosts source much personal anguish heart searching
joy,planning marry
anger,certain friend tried push seat violent way apparent reason may excited something
fear,mother nervous illness
fear,friend gave lift met road block tried turn back officer shouted us stop friend took turn suddenly officer raised gun time gone
joy,delighted left house julia told margaret
joy,watching ers lose game game year year finally rewarded super bowl victory made extremely happy
neutral,excited
joy,linda thank wonderful christmas dinner really enjoyed
neutral,yes
joy,finding go english lectures
neutral,one letter several pronunciations one word several meanings
neutral,careful
joy,girlfriend gave feed back understood meant relationship turn even closer
anger,cooked engine father car actually fault fixed temperature gauge told finally got home absolutely screamed anger experienced injustice plus huge row developed
joy,please write soon get boston
joy,according elated opponents nuclear power
joy,offered place university full time student
sadness,beloved girlfriend got married another person
neutral,hope
neutral,tourist place amazing much bigger imagined much exciting much see
anger,opposition sam galbraith said particularly angry government reneging ballot subsidy
anger,mother father split angry felt deprived different children school
fear,believe lies look eyes please scared
anger,boy friend promised come home return midnight consumed lot alcohol
anger,friend told education nothing discussion friend failed th grade made angry used education argue
sadness,drink lot wine
joy,course certainly deserve put us
joy,however deaf education greenock faced crisis one able continue teach children one parent happy child taught sign language
joy,yeah really struggling whether give nice little car last one really like much
joy,thank hope see next year
fear,talk important person job
neutral,ok
fear,primary school accused boys love certain girl class shout beat girl matter reported headmaster
sadness,really spicy food favorite
neutral,need need zina either
sadness,part friends feel always sad time remember concrete example example parted friend mine feeling sad
anger,grateful advice
sadness,missed missed companionable secrecy relationship miserable
fear,wish could get lyrics drake tattoo body one big ass tattoo
joy,form secondary school elected school library assistant also leader catholic students felt joyous
joy,felt glad live went meeting knowledge techniques meditation connect essence human
fear,little concerned put much emphasis return work
anger,get smart right time
fear,hahaha got shot doctors nurse kill freaking much
anger,determined satisfaction seeing vexation said drily mention glad rush hour
joy,yes next march
fear,believe lies look eyes please scared
neutral,yes
sadness,left friends school break knowing would probably go separate ways none see one another long time
sadness,friends come see stayed several days got well left feeling emptyness
fear,first public appearance front rathe big audience
anger,husband still feels cross
sadness,saying goodbye airport boyfriend go school back east close together years
joy,think go visit museum worth seeing go square time
fear,paused stepping onto roof look horror face
sadness,received news laws passed away depended heavily guidance running daughter buisness
joy,amused smiles know alain done
fear,second plane trip ran unexpected turbulence
joy,standing front exquisite work art
anger,john smith understandably boiling anger tory refusal recall parliament
sadness,francis totally disconsolate added way fans came behind us best ever heard hope continues
joy,lucky
joy,making effort enter university found course school higher education compatible experience potentiality
joy,look behind us mountains reflecting pink
sadness,felt quite depressed
joy,welcome good time vacation
anger,angry bob buying new bike
neutral,feed
anger,share small flat friend birthday could see evening stay university day evening left lecture finished able buy flowers home called tell would stay night boyfriend
sadness,child unexpectedly started acting restless disturbing way school addition performance school weakened
sadness,suddenly found considered good friends care although could still felt unimportant deeply thought reason behind see responsible finally made mind decided expect much sad decided longer good friends
anger,city fans still livid clash bull led skipper steve walsh sending defeat molineux three weeks ago
joy,talking nice girl
joy,congratulations hope everything works
anger,suffered gynaecological illness quite displeased hear roommates talked misrepresented truth felt deeply hurt learned done good acquaintance mine
fear,davewright rmmanson gabburnssmith fraudsterboosh bob would like head come saturday morning
joy,fell love present girlfriend
sadness,well feel quite going miss japan months japan going miss much cause great time
sadness,grandparents sadness losing rather gaining grandchildren
joy,friend organized birthday party secretly happy much presents seemed care
joy,began dansing teacher came told good would soon get ballet academy
neutral,fine
neutral,well saturday cleaned house played tennis sunday hiked country
anger,informed flatmate moved flat expected us buy food separetely event actually happened months sharing began prior said nothing
neutral,yes face even ached icy wind
joy,oh hi barbara johnson nice meet
sadness,sorry dialed wrong number
sadness,afternoon received two messages informing one brother coma suffering kidney disease two uncle met accident way hospital see brother
neutral,believe look near lake
joy,stayed months without seeing mother holidays short home far times mother came see school joyful want go
neutral,weight
anger,emily kind report
anger,annoyance warm blush steadily creeping cheeks
anger,physical violence friend listen repeatedly tried warn avail result eight people pissed
fear,go home foot pass forest going alone
anger,leave alone
anger,know blabbermouth think john
joy,seen beyond excitement approached first book already visualised bookshelves
sadness,close friend mine get married weeks time father died heart attack knew well felt bad hearing death
fear,approaching exam time books got stolen panic thought would well enough considered economics quota cried lot help exam day came near strange fear gripped
fear,one day fierce looking man came house said father apologize however alone home
sadness,father died unexpectedly age years certainly would liked live longer also said confronted fact would die one day
anger,left examination enter university even though studied whole year made bad exam
sadness,seem terribly sad
anger,someone speeding forced slow pulled onto road proceeded abuse next set traffic lights
joy,getting top price football pools
fear,march market said opportunity courage missing factor strong
fear,night tweeps think worst wait exam results exams ahsjuniorsexams
fear,staying alone dark place
sadness,colleagues decided go saturday inviting decide either place time
joy,good idea bring music period
neutral,upset told leave weekend
neutral,right
joy,saw passed exam last chance lot stake
joy,day yesterday mother bought new pair shoes without asked told saw pair shoes felt like buying really liked shoes made feel mother cares
sadness,uh oh trouble
joy,believe would play good
joy,affairs girl love settled positively
joy,take young grandpas said linda amazed overjoyed idea still able get daughter news
joy,glad good relations colleagues party
joy,restaurant boyfriend saw best female friend seeing two weeks rejoyced hugged long talk
joy,really excited lots interest think places taken already
fear,infiltration lives illusion accept political solutions
joy,got drivers licence
neutral,oh steve stop bit nervous call
fear,harry little worried see water supply diminishing rapidly pleased lucy enjoying
sadness,close friend died
fear,first came cal went rally sproul later learned rally conducted moonie cult taking pictures rally afraid would circulate pictures kidnap people know cult worked scared
fear,realized living borrowed time nuclear holocaust appears come closer every day
anger,undeserved attitude toward man human personality treated decently
neutral,new
fear,recall scared near past
neutral,well certainly match criteria broad could apply anyone say
joy,busy day went back hostel closed door drink read favourite book bed suddenly felt peace joy
anger,found sister playing confidential things taken hand bag
sadness,cousin passed away holidays home fell ill night next day died evening
anger,quarrel father opinion decided authoritarian way tv program watch became angry started throwing things room
fear,brother bowel obstruction heard going surgery afraid might come back life hearing general anaesthesia
sadness,hard time job
sadness,feel tired time even wake morning find difficult work appetite
fear,walkin stairs afraid trip going
joy,boy admiring much asked go
joy,selected tiss
anger,angry feel like killing someone
fear,aaroncurry tells us sacrificed others tells us time worry future xa xa luke
joy,george drove past felt terrible anger replace elation
fear,inrepose could give url live stream
anger,shook head exasperated cynical
fear,night wife given birth twins felt fear hospital yard feared everything going order
joy,delighted john saturday say
joy,interrupted another hoarse gleeful chuckle
neutral,could move smoothly
joy,gleeful idea faber vaudeville production starred baritone singing bolovian ballads song blue baboon
fear,bitten friend dog later bit
sadness,finding best friend cannot go english lectures
sadness,failed one courses school university zambia
anger,whole crowd us went folklore festival instructor cast boyfriend played traveling us decided catch train leaved early morning business following day instructor tried get upper hand made us catch train spite everything time made angry
sadness,best friend chosen english lectures
fear,getting high balance lows scared
joy,yes many opportunities grow company long well
sadness,funeral friend years old killed hit run motorcycle accident
joy,cackled delighted queasy mixture plate hot brown coffee lapping pale wedge sugared pastry
fear,look make occasional crass sexual joke serious protests terrorists already
sadness,guinea pig ill couple days one evening came home enquired mother expression told died knees refused support began weep convulsively
sadness,nothing new experts spreading unwarranted alarm despondency
anger,oh talk last night awful evening ever
fear,feel dreadful though dreadful married colleague spent evening rubbing crotches men office
fear,veterans become increasingly alarmed incidence illness especially cancers amongst present tests
anger,well guys worked hard really beautiful
sadness,years old got cat days died sad nursed taken veterinary vain although short time liked much
joy,advertisers said delighted see many proposals reflected government approach
joy,matta gazing grin wider gleeful
fear,love love today
joy,christmas holidays met old friends seen six months
fear,one evening tramway afraid two drunk men molesting girlfriend
sadness,yes know sir sorry
anger,summer got fight one patrons theatre hit hit friend hit friend hit eachother
joy,seb reached burford state high excitement find superintending constable aplin london
anger,imagine waited first bus full waited second still crowded decided wait next one got second bus full stand one foot kidding
joy,benjamin nodded stared ostler trying calm excited horse
fear,football game made offence towards acquaintance later acquaintance also tackeled game became rude
sadness,sorry mr baker may take message
joy,right would travel city least week go shopping see friends would hate living country
anger,felt angry told selected go university
fear,sitting fsu chilling friends still waiting get acceptance letters colleges applied
sadness,first love successful
fear,one evening sisters brothers watching kid brother took big mirror reflected light french windows thought lights could see coming torches annd meant thieves outside
fear,think call um venting
fear,turned see four alarmed faces atmosphere thick unanswered questions walked
anger,sucks hate buying lingerie okay find something get alright fine oh come come
fear,crip walk rt christinerphant ecs pre party nervous digestive organs loalex starallo jmayshar
joy,christmas got know girl relationship could consolidate holiday therefore big surprise get carefully hand made present relationship grew closer
fear,aggie looked horrified caught sight horse dung hobnailed boots
neutral,company decided cancel trip hong kong
sadness,mother father separated brief separation together
joy,children watching tv peacefully annie saw bobbed head around door gave pleased gurgle started scramble
sadness,time sc exam position take exam studied seriously
neutral,tell tell secret
sadness,watched programme called living planet saw far reaching environmental destruction caused man
neutral,would think least could
neutral,hope formal one boss
sadness,hate tell seems every shred evidence would help us convict destroyed laboratory fire nothing left sorry
sadness,death guardian stayed grade six
neutral,copy family tree house love see
joy,thank think would good time
joy,pleased engagement told time ago good admitted tonight
sadness,organisation glum social consequences europe
joy,birth child
neutral,running around track college walking around track
fear,mother threatened thrushing stairs make comment
joy,fantastic thank
anger,friend pushed fallen window broke taken tthe principal office accused broken window
sadness,losing girlfriend made end relationship lost important source support certainty joyful moments cried intensly happened
sadness,closer university left home moved auckland seems left home especially family forever
joy,meeting family friends felt dear loved sharing gladness together birthday
anger,told several times never listened
fear,watching tv war movie felt strong fear death threat fear loosing people close
neutral,never
neutral,watered quite days
fear,one fellow students bunked field work attempt cover exposed though directly meet field work supervisor afraid consequences
neutral,sorry smoke
sadness,whenever read think way people treat animals nature
anger,yet still finds full frustration anger towards
sadness,lady cross family grief stricken attend trial
sadness,horse liked much taken away
sadness,getting job
joy,boyfriend made proposal
neutral,believe things realized daydreaming
joy,well thanks suggestions
neutral,never mind
anger,teased friend scoring good marks exams
joy,supposed ought feel apprehensive felt deep delight seemed natural thing world making way moonlight raynor
fear,thieves broke neighbour house later heard gunshots
joy,elder sister got married started pains abdomen told could children suprise baby months back
anger,thora strong supporter help aged highly indignant older people often treated differently moment become pensioners
neutral,gift
anger,foreign students playing loud music biology exam
neutral,face
joy,received message accepted school really wanted go
anger,think leave cell phone
sadness,nothing feel lonely city miss family
fear,bringing shopping nearly stood snake
fear,maria years parents concerned severe headbanging home
anger,insulted disgusting people
anger,grandmother brother taken active part resistance movement prison many times lost health became invalid phoned first aid nurse duty behaved quite unkindly understood old
sadness,afraid
fear,george felt anxious opportunity alone tamar chance warning groom
fear,tell truth really nervous dream last night interviewed three headed monster kept trying bite head oh wow palms sweaty thinking hope ms mendoza able hear teeth chattering hope get one piece
neutral,say
fear,camp went walk night lost way spent several hours looking camp
joy,evening sit talk dinner weekend try go beach hit nice restaurant go nice cafe
neutral,exam
fear,almost crashing car something could led great problems
anger,touch thermostat pay bills around
fear,dan dan dude come house right
joy,relating closest family
sadness,billy
sadness,already known get scholarship right
neutral,advisor
fear,boyfriend forgetting left house unlocked unfortunatly thief came stole kitchen utensils thereafter afraid consequences
anger,ever mention getting
fear,got lost foreign town know language country took hours meet friends
joy,two weeks
sadness,winning medal swimming contest
joy,sounds great willing could ask go dancing us excellent exercise fun
joy,three started walking followed excited crowd
joy,going hear country western singer tonight
fear,waiting marks difficult subject
joy,pleasure
anger,take jail sleigh christmas eve presents deliver rudolph prancer dancer get help
neutral,bye bye
joy,notified accepted psychology student
fear,paranoid paranoid cautious see dan guard time people invade privacy knew telemarketers solicitors even bank way much information like keep everything need know basis
sadness,suffer form disease muscles however cannot talk feelings consequence parents try repress
sadness,favourite horse died tried best save hopeless shot
joy,london irish women centre pleased announce irish language classes adults continue siobhan ni neill fridays starting feb
anger,know try manage
sadness,watching television midnight dear friend called saying father died accident
joy,absolutely delighted achieved set beginning week ensure ryder cup stayed side atlantic
fear,get lightheaded whenever show surgical procedures tv knees start hurt eyes squint stomach turns pussy
sadness,drew blank algebra test
fear,time threatened expulsion secondary school form four
anger,unfair
joy,wrote difficult exam one time secodary school results announced radio came second students hence felt joy
anger,holidays everybody knows hard get tickets
anger,slurp coffee plus hear shouting phone time
neutral,bogus feel stress work love life practically nonexistent zodiac stuff bunch nonsense
sadness,sadness emotion felt often recently remember concrete example describe general impression severl situations evoked feeling
sadness,good friend intimate relationship made clear want continue way choose girlfriend also friend mine
sadness,give yer pleaded disconsolate convener slapping jam butty
anger,faced writing essay want angry write essay angry time write good essay
fear,maori language oral test yeaterday although studied intensely examiners room blew nervous reply easily important got blankness
sadness,shame disgust asked resign sorority ashamed
sadness,depressing hear price goes higher higher
sadness,know handle first time know
anger,week school teacher sent note home saying son inattentive unable lessons
fear,poor little girls must frightened minds
neutral,wait sec
anger,friend promised would come place turn annoyed
joy,expressing delight appointed said one job hoped
joy,fun
joy,getting phone call old friend
anger,xmas holiday best friend secondary school planned meet cultural afternoon mt soche hotel missing long time asked mother permission told go good reason felt angry
joy,sure hobbies
sadness,nails became miserable anxiety
sadness,realized impossible free imagined could anything
joy,last genetics midterm decent grade
fear,worried everything chaotic
neutral,think right
fear,finding boy like love
sadness,women traditionally show grief men
sadness,john parsons nice saddened see former world humbled another comeback attempt age
joy,pleased uncle said finn loitering hot shaving water
joy,met girlfriend counted
joy,feel like trip florida gloomy day new york enjoy sunshine lying beaches florida
anger,everything everybody
fear,first day close dead body third year university school medicine
fear,oracle clearly becomes anxious demands know business
sadness,even could put excessive grief loss wife
sadness,understand sir bring doctor note tomorrow sorry mr douglas
neutral,back
joy,going see party
fear,nearly knocked cycling
neutral,ask walking invitation
joy,got first semester university
neutral,china
fear,got midterm exam results results average near lowest scared final exam
sadness,felt sad street kids queii square aotea square sniffing glue young went role performing clown
neutral,exactly
anger,eaten anything days able pay fine fianct stayed another town spent one thousand shillings restaurant time
fear,nearly gasped dismay shock shivered tummy
fear,alone house late pm heard noises sounded like someone trying get back door
neutral,much
anger,last night mr smith said mad programme especially barth
sadness,grand old man scottish mountains author tv star tom weir said sad plan
anger,house live new flatmate friends unfortunately dirt society intelligent fashionable rich bored party recently things like done house felt angry
joy,come often
anger,show performance last night kind friend
anger,friends tried discriminate friendship certain friends thought improper
anger,housing council asked city cut linden trees inhabitants lower floors would view sea
joy,professional musician still sensitive happy something loved
joy,enjoy oil painting learned one extra classes college
anger,one four directors company inherited land held family th generation democratic decision made stop close area mangroves
neutral,yeah heard lot really fun
neutral,feeling first came work period time feel better sure get used busy job
sadness,mother ill father home
fear,lateralliegator fear comes project scenarios future live abide unfolding present moment
joy,daughter gave solo dance performance poona big applause overjoyed
fear,someone tell forget rules looking ridiculous
sadness,looked sad
anger,unbearable walk home leaving
joy,thanks got back summer camp
neutral,korea
sadness,ill stay hospital period time
joy,qualified form one three pupils qualified form year
neutral,sometimes working weeks easy figure
sadness,went see result exam saw failed
fear,sleeping room woke middle night think could hear noises see shadows moving felt someone house
sadness,well exam
fear,cycling past parked car someone opened door nearly pushed bike traffic
sadness,long story basically thought laughed
joy,girl brought christian science home certain frightening kind excitement medicine like drink teetotaller otherwise found work harrowing repellent
anger,think ever heard rule rules would like tell
anger,serious argument dear person
neutral,right see later
joy,accepted third year former secondary school
sadness,got sacked today
sadness,apologize make sure
sadness,understand seems save money
sadness,dog seems anxious get harness indeed trip dogs always keen pull seem miserable tied night
fear,attending authorized demonstration police rushed brutally demonstrators without warning
anger,felt angry mother law handle daughter properly fell bed hurt head
sadness,sorry hear really looking forward spending time really enjoyed last chat
neutral,anyway theory people go around touting theories scientific rigor
sadness,yes sleep well every night
fear,woke open closet door monsters
joy,thank begin like english even child
anger,felt indignant casual assumption
sadness,good friend quitted behaved strange manner
joy,pleased low voice steady
fear,impact caused buck like frightened horse
joy,received unexpected engineering midterm study nearly much difficult test
joy,met dear friend mine long time expressed feelings usual way mutual scolding abusing complete understanding touching patting taking hand person etc
joy,comfortable place really problem happy see rain hold long
neutral,sure
sadness,fact husband good terms
anger,feel anger see parent beating punishing child street recently witness similar case
fear,dear pls watch game tonight stare every caps players like time froze food staring nhl
fear,almost walked snake
sadness,sorry sir prices fixed
joy,delighted able come along short notice
neutral,met
joy,happy get
fear,suddenly found lasr one leave anatomy room
neutral,knows
joy,selected university zambia
joy,pleased responded positively
sadness,depressed suffered great deal mental anguish
neutral,ok seems lot common
sadness,sad heard uncle passed away man supporting parents well
fear,wish everything life simple thank
joy,feel like going drink long day
anger,south korea cheating gold medals
anger,many latecomers especially afternoon wore furious find doors locked heard noon closure thinking day
joy,enjoyed excitement politics
fear,concerned learn shortfall standards want hear encounter problems
neutral,cute dose
sadness,sad leave persons intense relationship also leave environment part
fear,tonight terrifying experience laundry terrible going literally feel like crazy person
fear,money motivation keeps top petrified losing
anger,said cross
joy,yes
fear,tenn ole miss declined play sc next year
sadness,sure one turn miserable indeed
sadness,members requested committee sorrow work begun without permission passed county council
fear,husband spent night house area outskirts large town familiar heard strange noises outside house house glass walls whole thing even frightening
anger,time part work sent actually sort volunteered run errand someone authority send address far especially foot turned incorrect whole trip waste
sadness,sorry going meet friends tomorrow evening hurry
joy,nice place
fear,travelling home bus suddenly bus hit bus leaned wall
sadness,leap mind really feel terrible
joy,ok begin register
anger,furious betrayal supporters sacked prime minister nawaz sharif resorted fisticuffs
sadness,felt sad first boyfriend left neither fault mine
sadness,tell another day
sadness,please accept deep apology
joy,weather beijing beautiful
fear,saw large spider crawling wall
joy,well children usually resemble parents
neutral,favor take taxi make feel lot better
anger,stand stupid guy longer unbelievable
anger,old woman violently thrown stairs tube group louts
fear,one night bike home alone party found pursued man car
neutral,shivering
joy,heard close relative mine given birth young age remote area problems
fear,one day went cinema see film interested arriving saw long queue expected went back home without seeing film
fear,man yelling outside window yelling threats though
sadness,back office mccready threw chair deep dejection
fear,walking road suddenly dogs appeared fence started barking angrily jumping seemed would come time
sadness,one day nobody could rouse trailer lee marvin entered quietly found sombre lonely sad man
joy,landlords pleased find apartment blocks overnight become property tenants
joy,boy admitted medicine school uncle coming back fron canada next week father told happy moment
fear,telling parents well exam
anger,chinese president said miffed administration refused request state visit white house complete star spangled welcoming ceremonies black tie dinner
fear,received phone call high school friend whose younger sister studied university gave lift every morning going get married guy knew died fell building afraid lose somebody since already lost brother accident
fear,answering better check pulse breathing
joy,selected come
joy,felt joy passed malawi school certificate education
sadness,felt sad son died short illness
joy,yeah way
sadness,finding good looking
joy,father promoted professor
fear,tells us sacrificed others tells us time worry future xa xa luke
fear,almost caught girls hostel security men would expelled school caught
joy,come glad expecting
sadness,things like really destructive writers often brave illness pain resilient deepest grief
fear,fearful realised relish overcooked simply keen enough checking whether still enough water relish instead playing friends
fear,get
fear,ahaha talk much dominate mrfranklin ready octaviusjrum michielthomas capricorn jamizzi quiet
neutral,something need
neutral,coffee shop round corner see big building end road
fear,fuck ignore feelings
joy,ha yes brilliant
sadness,get job wanted
sadness,frustrated
neutral,okay sign
sadness,child years old died stupid way fell place metre high
sadness,anguished princess says morton told one friend price public life price longer willing pay
joy,always happy wearing trousers jacket covers bum
anger,playing ball game make goal thrown feet failed score goal
neutral,sounds hard
fear,brandonw oi xmas hold surely rec rec usingcorrectpunctuationfordramatic effect
fear,saw good male friend unexpectedly year returned overseas feeling tired looking mess nervous
fear,last night dreamt things looked like monsters trying kiss
sadness,several years ago brother died accident heard sad took years resigned
fear,chucktaylor jonnyquest going see friend band play tonight midland hypakritz tequila tokillya
anger,stopped police traffic offence think committed
sadness,failing examination
fear,killsteenkill thanks hard work wait rewatch dvd available
sadness,really want know physics gives headache
anger,one day crossroad somebody crashed car got person laughed felt great anger got car went away
sadness,still years know one hand clenched involuntary anguish thought intolerable betrayal brother
joy,got touch earlier friends long absence
joy,well sounds like would ok careful
anger,mrs friar looked offended continued
fear,one time injured playing football school blantyre brought hospital leg totally swollen rays confirmed fracture collection blood muscles feared started incise swollen part surgical blade
joy,nice letter close friend
fear,petrified clippers first
joy,feel point actually quite exhilarated said nicola mcintyre san francisco
sadness,told good friend friends relationship another girl
anger,israel also miffed kohl plan visit walled old city east jerusalem without mayor ehud olmert
joy,afraid full excitement thoughts might find
fear,labour foetal sounds became faint big alert forceps delivery
joy,quite excited also quite major problem
fear,seeing horror film omen could sleep night even though closed eyes last scene film kept coming back seemed hear girls film shouting devil devil expression face thought would choose
sadness,grandfather died went mortuary saw corpse
anger,feel anger somebody forbids something
fear,alone walking deserted part city fear men would attack rob
joy,like trippers heading isle wight packed picnic baskets sat chatting deck excited children played
neutral,problem class would like take
sadness,younger brother good friend mine died asthma
anger,angry boyfriend promised come see spent evening pals
joy,told admitted faculty medicine
fear,finding lecture doctor make misdiagnoses ignorance neuropsychology
joy,entered university
fear,someone close travelling car delayed
sadness,got bad news plans sent mcgrath corporation rejected going start scratch
anger,scolded mother reason
joy,see pleased
anger,oh shut ties forget ties
neutral,really long playing violin
joy,day received key apartment could enter fianceand bought yet plans seemed us almost impossible happen
sadness,another fellow worker decided leave company close would able work eachother longer
joy,attended cousin st birthday
sadness,death grandmother
joy,admitted higher institute
fear,scenic railway fairground
joy,parents girlfriend gave permission spend holiday together
joy,favorite
fear,gave one swift look horrified expression continuing
joy,right say cheese
fear,almost drowned municipal swimming pool use go almost excaping
fear,wind sounded like woman screaming helterskelter
neutral,mean fault
sadness,uncle died
joy,sure shall meet
anger,said sunny side many times tell
sadness,looking end semester results finding failed three seven subjects
sadness,sorry lowest go
joy,want go beach tonight
joy,hearing girlfriend accept offer marriage
fear,stays kitchen watches chinese new year kitchen god tells boss whether good bad year like lester
sadness,feel sad marie gone
joy,neighbour able set car motion snowed heavily helped thankful invited
fear,walking street boys showed knife stole money
fear,turn see nobody shadow still keep heart asking wtf got paranoid dark side
sadness,studies demanding cannot cope
sadness,penelope huntley sat silent speech chain smoking eyes downcast
fear,results come
anger,could find monthly tickets bus bus
fear,predicted deep dismay hong kong deepened statement official opposition
anger,worked several classmates project anxious project partners showed concern meetings project classmates pay attention read books others argued irrelevant questions meeting would go two hours without main theme discussed wasted time could reach compromise classmates avoided work responsibilities seemed value projects one
sadness,michael codron told ken remained loyal even though miserable
sadness,finished relationship boyfriend felt unhappy long time
fear,trying clear motivation intentions trust god guiding undefined purpose
anger,saw unfair report
fear,obscene phone call person knew name
anger,accused done something got angry
anger,mr patten however engaged simply relieving exasperation beijing procrastination
anger,wits end say airport management caused considerable upset annoyance lady owning number published
sadness,sorry sir going ask leave
sadness,even prince wales depressed thought ordeal come cheered sight food
anger,wrong thought agreed gonna quit smoking
neutral,ok bond
sadness,often dog treated badly owner comes us
neutral,brad
fear,daisy leaned forward horrified fascinated
joy,begining relations current girlfriend
fear,think funny thatboydmckee call bout lakers wont answer tryna hoop hmm
sadness,mccolgan slumped deep dejection said afterwards bad race part
joy,underground escalator youngish bum asked money although give anything fellow told really good looking man front also turned look
sadness,either shape job line
fear,travelling tram tripped fell door thought going fall
fear,know anything bills laws trying pass
joy,somehow rose excitement though concentrated could task hand
sadness,feeling oddly bereft desolate besieged dolly incessant chatter luce pleased get back hotel
joy,receiving much wanted letter good friend lives abroad
sadness,argue mother way treats two children differently
sadness,oh afraid sold really popular
sadness,make someone like woman abortion feel go lavatory express grief tears
anger,mixture amusement exasperation friend worry added
neutral,next june
sadness,parents called usual reminded plan marry late easier said done marry time go date
joy,got fairly large amount taxes back
sadness,saw film johnny got gun deals consequences vietnam war
joy,amusement scene rekindled
sadness,fingers tightened hands hearing anguish voice
joy,older sister told us thinking joining rest family winter sports holiday
anger,arresting
fear,dreaming chased upmost horror door closed felt synchronicaly dream scare
fear,day brother stay emergency whatstheanswer pleasadmithim
anger,boss breathing neck day wait weekend
fear,darleeen everytime come home work nite sprint house
anger,confrontation person provoked several times till reacted angry way fortunately disastrous consequences
sadness,stop coughing stop sneezing vomited blood last night sorry coughing
anger,fact expect mad told much
sadness,sorry mean forget wedding anniversary
anger,saw bed hostel mess guessed someone else used daily necessities felt personal sanity affected
joy,father bought suit
joy,elizabeth cast one happy glance dawning delight two faces continued joyful work
anger,even told yet
sadness,lost person meant
neutral,look
fear,one day near home kissing boyfriend car mother appeared asked go home know event
sadness,yet downhearted
sadness,ready availability screening questionnaire mothers risk complete supervision minutes potentially useful health workers others rise needs depressed mothers
joy,december last year chosen come institution study medical assistant
joy,selected university
anger,simply bear barbaric behavior
fear,reality may anxious worried showed
joy,even falling asleep mcleish amused bruce davidson hopeful proprietorial air
anger,wimp afraid eyelash curler
anger,absolutely thief
anger,alexandra grew even crosser became obvious matthew invited right
anger,fixed time practice participate inter department song contest arrived found nobody went canteen found eating lunch angry aired greviances one left
sadness,forced leave unforgettable friend
anger,wanted pay ticket twice said one date
fear,always hurts hate going
sadness,bad chamistry midterm could done well
anger,said thought surkov felt resentful novels made money
joy,sister brother law returned sri lanka adopted child went pick airport
joy,felt received letter telling classified national concourse felt happy vanity
fear,chancock right mate wanna buy tv fuckin one alien imthrowinstonesatyouman dont ring kinda bullshit
anger,true hear tummy grumbling really hungry
fear,skiing squaw valley riding chair lift right chair sheer cliff rocks chair lift stopped chairs sagged everything seemed creak loudly
sadness,felt frustrated angry utterly dejected
anger,wanted borrow lecture notes friend lend
joy,seemed pleased remind us yet evidence bouilland humming modernity took us sun
sadness,well fault anna
anger,fine want divorce
joy,got message employed nurse kindergarten
neutral,wonder say english crazy language
fear,saw man heart attack treated feared father could
anger,story even hold together feel idiot
sadness,afraid forgot lock door
anger,animal life want tattoo get one choice want anyone asked fish wanted one
fear,good friend told one evening want live anymore
joy,days hard work suffered many changes passed last exam
neutral,mean us
neutral,good think spending several hours day playing computer games waste time might well something healthy meaningful
sadness,taken responsibility something prepared however failed timidity three attempts still could adapt atmosphere failed felt imcompetent felt others would think prepared
fear,boat running another boat
sadness,sorry road crowded
joy,agree
sadness,sorry get
sadness,learnt close friend going immigrate
fear,thief broke house night
joy,dived among sharks brightly coloured fish outer reef tvavni fidgi
anger,congratulations new house
anger,experienced one friends reported headmaster gone beer whilst information true fight friend headmaster
fear,dnt open lot partner much letting guard yu gaf hurt reason dnt get attatched
sadness,death grnadfather hospital long cancer oesophagus
neutral,honey typhoon coming
neutral,done
sadness,friend mine called home phoned back know wanted told dialled wrong number
anger,room mate locked deliberately exam due hours
fear,strachan alarmed way german defence manhandled year old front runner got away
sadness,spite grief parted cousins could help feel excited
sadness,disappointed friend
neutral,well ripen home run made since another player first base
fear,go upstairs photographed agitated nigel lawson came saying wanted word
anger,nobody uses macintosh
fear,went home alone restaurant dark went fast behind drunk men shouted chance met friends accompanied
fear,feel fear quite often feeling strong last year husband quite unexpectedly sent hospital
joy,th standard arranged small picnic kandala one closest friends wrote small cute poem expressed feeling closeness thrilled still remember
sadness,lost chance
anger,bull tossed effigy hands became infuriated
joy,great tonight
sadness,miserable eat
anger,lift finger bend backwards cleaning day sleeps noon
fear,exam logics
joy,sport contest
joy,ok bring one next time
sadness,unlucky let pack bags go home
fear,failed seven subjects school terrified give report card father left table went bed early order avoid seeing
anger,often parents say exasperation oh death
sadness,nothing done everything gone wish could tell differently happened happened figure way move
sadness,father resigned work soon elder brother died next day granny died mother mother dad remains living member family
joy,tickets phantom opera friday night would like go
anger,stomach growling
joy,passed successive exams enter school medicine
sadness,getting separated girlfriend
joy,china winning asian olympic games
sadness,oh dear pity sure lost wallet theatre
joy,take delight pushing making worse
anger,boyfriend told would difficult marry
joy,heard passed final examination school success
neutral,ok
joy,week work volunteer biologic garden work garden contact volunteers filled joy also gave support failed passing driver test
sadness,far away relatives friends feel sad early years freedom carefree years childhood
sadness,showed women northern english town turn century standing advertisement mazawattee tea seemed depressed
sadness,every day became miserable
sadness,terrible quarrel neighbor yesterday
sadness,upon recovering admitted extremely depressed since death wife cancer year earlier think anything live
sadness,sense relief danes let us painlessly maastricht hook immediately replaced despondency government response
sadness,ten year old funeral grand father ceremonies held church really death grand father made sad
sadness,good friend mine died funeral felt intense feeling sadness
joy,great idea spend day watching game
sadness,weird
anger,reason arrest
fear,struggled anxiety years prevented learning drive finally got license year honesty
joy,want borrow coat black coat would look smashing
fear,caught thugs aged asked surrender property remember feeling scared
anger,mother interfered life
sadness,girl fond initiate conversation expected tutorial
sadness,two little children years old begging money noone gave money
anger,discussing something person realize person thinking argumentations instead listening become angry
sadness,high expectations future pursue subject manner attain
joy,really interesting
fear,encouraging yet concerned people still getting fatter
sadness,time lost badminton match zambia closed badminton championships
joy,good morning jim
joy,girl love accepted proposal everything went smoothly wanted contrary previous feelings uncertainty response
anger,could see manager please complaint make
sadness,grandfather death
sadness,thenceforward always wanting take joys solitude society extreme forms alternatively miserable lack company presence uncongenial company
sadness,training australian championship competition year injuring weeks competiotion
fear,sister ill admitted hospital
sadness,sister left go home sweden christmas holidays
joy,yeah ages
neutral,hi bill
neutral,ok go
fear,hour receiving certificate results frightened saw others crying felt tense time went fear grew
joy,like way gifts get increasingly lavish
joy,happy group meeting sinn fein demand explanation consulate
sadness,feeling quite deep friend girl died car accident
sadness,dark woods came black man leading horse one arm tall grey hound saddest face ever seen creature
anger,girlfriend one day went promised back pm however first arrived pm without message go evening
fear,example grandfather fell seriously ill necessary operated felt great fear losing dear
anger,challenge accepted amidst cheers group inebriated local husbands offended owner headed door search couple friendly gardai
joy,look big tree
fear,sitting bus coming back school man nearly forty years sat beside looked saw looking opened throusers holding penis
joy,good live near
sadness,mother died cancer year illness think pregnant moment sadness next morning sun rose
neutral,right lifelong learning finding learning opportunities ages numerous contexts
anger,weekend wanted absent school sports event teacher refused give day like
sadness,boy love much asked dinner refused know go felt lonely
fear,remember form teacher fierce dogmatic feet would tremble whenever saw face fact go class
neutral,well pays old anyway
neutral,walk work
anger,ceased blame breakdown marriage instead expressed considerable anger towards husband
joy,took entrance exams successfully also got school leaving certificate delivering ceremony extremely official
sadness,terribly upset kitten got hit car die several weeks thought might put
anger,time mattie feeling irked urquhart neill
fear,gone interview yet tomorrow nervous
anger,walter matthau jack lemon get miffed establishment replace two favorite hang outs
anger,curse oven curse
fear,window open door shut kitten would go partner came started talking something forgot window suddenly saw kitten hanging window frame rigid fright till got hold
anger,furious teacher pointed class quietest girl class
neutral,six
joy,hey mark long time see
anger,shut billy billy
anger,crazy made mistake charging mistake
joy,help asked trying let see amusement blue eyes
joy,felt finally accepted bulgarian conservatory applied couple years
neutral,would please write name list
joy,finding person love understands
joy,griffin moss contented artist receives enigmatic note sabine strohem stranger south pacific island
joy,concert really great
neutral,see
fear,works goes getting high balance lows
joy,finding ill seriously
anger,colleague asked advice enough confidence asked third person
sadness,brother soldier promised come home furlough last moment phoned said could come
fear,lily shot quick horrified look road
sadness,received message brother seriously ill hospital
anger,following argument brother broke golf clubs
sadness,sorry hear
neutral,said used stop
sadness,bummer guess luck
anger,hoskyns another year live angry university
neutral,nigerian
fear,jennalainebucs yes run ball get beat deep win spear
anger,insulted front parents believed people insulting
sadness,sorry stop
sadness,loss close relative
neutral,yeah trendy look great want get dragon arm maybe tiger back
fear,listening ghost stories classmates back alone hostel night walk long quiet road scared meeting ghost
sadness,really chat
sadness,yeah know hard
anger,also miffed world tour organizers contact enough players going public
joy,serious wonderful
anger,frau nordern bit lip vexation
anger,picked pen drew line service charge handed bill indignant guest
joy,stepped conductor rostrum opening production new season every time filled sense sheer elation
anger,people hunting animals
anger,miffed european parliament head president jose maria gil robles visiting paris promptly canceled scheduled stop de charette office pending apology
joy,waking morning early morning whole day
neutral,jess chill
anger,look traffic jam
sadness,heard good friend committed suicide
fear,felt physical fear call way today bus sitting first seat turning driver see tram making dash towards us coming side whose driver intended cross yellow light
joy,forgot put case deserve flowers
fear,yes imagining finally got home turned around looked standing smile stood obvious scared call police
sadness,finding grandfather died lived england seen years
joy,sounded pleased something made two
sadness,look look old look thirty
joy,thank excited
sadness,wondered felt deep sadness
anger,learned girlfriend unjustly missed work
sadness,oh hurts
neutral,good
joy,admitted certain school student
sadness,met girl time ago cared much happened left felt sort sadness think call
sadness,wenner would fly issue instructions increasingly disconsolate staff jagger would pay bills
joy,allowed take wife away parents refused three times grounds first write examination
sadness,estrangement best woman friend going different ways quite time break total got married husband unreasonably jealous
neutral,put
sadness,friend mine hospitalized diagnosed typhoid forgo exams also ambition dissertation level sad event felt sorry volunteered stay hospital
sadness,ugly day today
sadness,partner left together long time
joy,weekend seminar saw husband hurried home hoping would embraced enjoyed feeling body
anger,behind scenes british diplomats seoul korea furious way last night meeting handled
sadness,know trying tell truth obviously take way
fear,seven years old swimming outside flags gold coast caught rip taken swim well older friend swam saved
joy,overwhelming anxiety enquiry understood something exist task life
joy,pleasure seen movie yet
sadness,writing good feel frustrated
anger,livid mia farrow beat adopted daughter soon yi chair finding affair woody allen claimed yesterday
anger,repainting rooms house mother started enact plans paint room without consulting
sadness,skinful particularly noticing mood saw heard nothing nothing except described kind mournful whistling coming deep wood
joy,good bye
joy,seen many times books never imagined get see person
fear,house servants missing everybody looked frightened
fear,car accident woke heap stones
joy,reunited family seen years airport sheer elation getting paper work collecting bags anticipation coming customs gate
joy,learnt could studies chinese university
fear,motor failure boat outside gottenburg heavy seas wind strong could steer boat drifted towards rocks succeed attracting attention passerby hours elapsed
sadness,thought felt dizzy morning
joy,asked go someone care
joy,drove partially across country father stopped towns stayed overnight motels joy got feedom felt real beauty country
anger,try clearer intentions
joy,fishing time though sheer delight boys always ready willing go sea bother boats etc
sadness,condolences
neutral,weather report says going rain whole week
anger,woman wanted call mother called awkward exasperated frightened dreams screams
anger,nearby end year wife car ride appears another vehicle driven drunk driver provokes accident
joy,well life style much relaxed city seafood tastier
joy,well exam
anger,mother quarrelled aunt
anger,mom please friends years
joy,father managed begin new life divorce mother resulting new little sister
sadness,friend school failed make university
sadness,know
sadness,parents let go study tour
fear,ladyship looked frightened shocked
fear,spending summer holidays village friend coming back discotheque night heard noise alley scared got friend house moment later unknown car picked person alley
sadness,give love work well
joy,jenny sat contented smile face interchange mother repressed irritation anger husband remarks
anger,argument stranger street
sadness,yesterday even know coming told found someone else
anger,although hardly headhunter fault candidate naturally feel annoyance even anger expectations raised dashed often without much explanation
fear,involved traffic accident
fear,boss sounded agitated spoke phone
joy,flattering full energy every day
anger,oh gosh go restroom bad bear anymore
sadness,said different ideas life
sadness,want go fishing today left rod fishing line home
sadness,spirits
fear,movement bush late night camping
joy,overjoyed prospect found difficult conceal excitement around
anger,sister broke china tea set
sadness,received mid term exam paper one major subjects found failed
anger,walked teenage patient mine work hospital going office drawers removed money purse
neutral,subscription
anger,finding deceived friend
anger,eyesight good enough miss dersingham said exasperation
anger,attitude really think much discuss
anger,meddlesomeness mother way live thinks free behavior instance boyfriend stays night
neutral,yeah pretty big guy play goalie
anger,livid
sadness,father th th generation colonial eng attacked verbally chosen partner man discarded colour skin white ultimate disgust saddned
fear,said gives creeps
sadness,sad mummy nasty said
neutral,three times week either swim play racketball hand ball
fear,charlotte looked ursula saw frozen expression horror face
neutral,going birthday party
joy,person bad terms gave present became reconciled
joy,thought high school love mutual emotion
fear,one dark night street lights car obviously following
fear,comments major diplomatic gaffe crc supported region disquiet cre decision begin investigation
neutral,certainly try help topic paper
sadness,know going going impossible make ends meet lose job
sadness,sorry sir table reserved way please one sir
fear,must haunted house frightened
joy,day learnt admitted university
anger,revelation pain trotting nails cross nutty brought end
neutral,problem friend works shop plastic wrap easy probably shop got boxes maybe friend works electronics store sell video cameras probably couple video camera boxes lying around get idea wrapping bricks sell fools like twenty dollars brick good profit sell enough bricks
sadness,example left first time parents went live sofia
joy,yes look smart today
fear,mugged holiday
sadness,ex boyfriend separated
fear,concerned parents would want see children real maths advised injecting investigations existing syllabus instead
fear,staying alone room midnight reading horror stories
anger,really riled
sadness,friend got hot discussion controversial topic one point argument disagreed totally took saying insult couter argued unknowingly hurt emotionally felt sad
fear,walking around alone night
fear,usually left ashamed angry despite wife kind words consolation ashi agitated state dissatisfaction unhappiness
anger,marry rose
sadness,kept trying get back lugubrious face reclined morosely good hand guests filled air around cultivated noises
neutral,set date wedding
sadness,failed exam
joy,heard passed primary school leaving certificate selected go secondary education
sadness,think right tried best enough unfair always saying thing sometimes even feel deeply hurt
sadness,days followed brackenbury hasty departure edward despondency increased
fear,walking along road alone way go shopping
anger,anger towards lover late
anger,know hard get used relatives coming visit us without warning
anger,swear never shop street market china terrible place full excellent profiteers keep eye whenever comes paying something
sadness,learnt brother law poisoned friends dead
joy,yes first prize math contest
joy,thank
neutral,see head household
fear,face must registered dismay tell peter happened gave narrow smile
joy,someone love
sadness,oh er sorry time clean
anger,breakup relationship event upset sad angry maybe weeks later
fear,caught police kept group delinquents added fear shut afraid people near future consequences
neutral,another coffee
joy,youth says baxter quickly past fundamentals running multitude controversies greatly delighted metaphysical scholastic writings
neutral,passed
joy,love art exhibition
sadness,talk sadness departure guilt arrival
joy,well things unavoidable great metropolis like beijing think still desirable benefit psychological bicycling home work help release stress life offices miserable sit daze gazing monitor dealing files documents give full play energy work enjoy speed road think flashing past poles energy great
anger,experience feeling insulted without deserving someone deceives
joy,soon results interview nearly people attended three regions malawi joy came hearing radio one people selected undergo medical assistant training
fear,experience fear people fighting social one night one relative involved fear greatly assaulted badly
joy,finding chosen english lectures
anger,someone lies
joy,getting kitten found work several years ago taking home box motorbike showing defacto
fear,ever resides life move direction boldness go less power ova
fear,father gave money school fees pay school fees instead spent beer tell
anger,look good
anger,yikes joking right believe wonder stressed bossy lately thought ostentatious giving orders people different departments big shoes fill
anger,lili getting exasperated
neutral,first quite critical married years starting accept fact father divorced mother
sadness,made long distance call people rather close thought sad incident happened near past knew thinking made call
fear,fall climb almost previous experience
neutral,sure part time job bartender
neutral,try
anger,think
joy,remember offers guarantee refund money delighted purchase
anger,definitely taking court
fear,hate snakes much even watch tv
anger,hi gary happened waiting theater meet
fear,particularly worried players score stroll around
sadness,parents got divorced
neutral,stalls
anger,ec infuriated
fear,wanted get contact girl loved afraid would refuse
anger,parents drove nearby place went home immediately instead waiting hours could easily waited
anger,think hurry cross stopped said eyewitness
joy,wow thats amazing happy
fear,noon one sunday received phone call telling mother knocked car street crossing husband go see could believe father mother gone together buy lunch boxes however immediately ran scene accident
joy,wonderful
anger,march one fellow students borrowed wristwatch sometime broke glass watch got angry telling anger take long fade
fear,iholddownboogie lol dross hero voice
joy,yes actually second visit last october
joy,estelle delight thomas made mother happy ashley recalled head resting chest
fear,thrown car accident resulted fracture
fear,lived student house shared lavatory shower fellow student shower cubicle formed connection appartments neighbour often drunk aggressive one night afraid would enter room
fear,honest concerned getting good night sleep says pregnant woman working full time demanding job
fear,finding people go mad social reasons
sadness,noticed many things pregiudice
sadness,told grandfather rather ill
fear,fear fulfilling obligations first night fatigue duty soldier
joy,really enjoy beach summer
joy,happy hear sister prize running competition
joy,able prepare better important examination spend nitht girl friend students hostel done months day exam somebody knocked door seven clock morning girl friend likes sleeping late come able
sadness,got depressed said officers put cell leave alone
fear,reprimanded manager hotel worked autumn
neutral,bonjour
sadness,sorry darling forgot
fear,ginza smitty bhoy haha like seeing bear sober
joy,son registered get admission grade one primary school chances getting place two weeks later informed enrolled
neutral,jenny come help need prepare food
sadness,apologize inconvenience
sadness,sorry smallest size
sadness,shoulders slumped walking slowly looking depressed
sadness,sorry know name must wrong number
joy,sure promise promise
anger,school teacher allowing us go new year eve class trip overseas
fear,felt something close saw man terrace flat
neutral,often buy magazines
fear,afraid tomorrow seen yesterday love today less
joy,wow believe standing
anger,could help follow fluctuation dollar killing company exchange rates eating profits anything
joy,spending nitht close friends away nijmegen
fear,resembled bonamy dobre leeds reacted utmost dismay pet student robin skelton announced engagement fellow student
sadness,father imprisoned burning house younger brother
sadness,think bleeding
sadness,losing close people animals far felt losing dog traffic accident
joy,first public speaking
neutral,working experience would say biggest lesson learned deal people walks life
joy,nothing good moment let something different would like go concert
joy,invited person wished get closer telephoned invited go next night
joy,guy mouth kicked one corner wryly amused smile
fear,heard lion roar first time
fear,episode fright happened came study stand front still unknown fellow students talk hands shook flushed became tongue tied
joy,filled joy heard selected university course
neutral,oh yes
anger,jacob luxury haircut rarely needs styling set aside hour half get ready mornings every day wake head straight shower every second day wash hair hair washing day frequently need wash hair twice gets really oily usually put conditioner rinse hair long seldom manage take shower twenty minutes afterwards often put pot coffee get dressed wait brew take long time get dressed morning every remember choose outfit night usually morning getting dressed takes half hour time hair semi dry style hair time time put hair oftentimes bloody straight texture hair regularly flat iron keep frizzing another twenty minutes daily makeup routine
neutral,pm saturday good time
fear,makes nervous looks funny never buys anything
anger,best friend started moving boyfriend heard heart sank expect good friend could thing got angry
anger,never come side turn away return
fear,criticism drugs medical regime frightened
fear,cash cream malcsf dont wanna lose musa scared money dont make money cash
fear,driving family fun
joy,told got tickets film marathon wanted see
neutral,ok wait fun want
joy,yes like cooking much got hobby years sold
joy,sure would great bring wine
fear,meeting bush zal reportedly sought express disquiet bill passing us congress aimed marking th anniversary armenian genocide
anger,duncan could imagine anger forced another emergency manoeuvre
anger,rumours anger among grain farmers given ious instead cash crops
fear,know scared every single light apartment even notice
joy,want try something exciting
fear,saw wind boisterous afraid beginning sink cried saying lord save matthew
sadness,grandfather met weeks died several months really sad lovely person means company
neutral,like
anger,deliberately provoked someone close angered deliberation provocation
anger,arranged friend go carinthia car arranged place meet bit late friend left already money go train nearly started cry angry important go carinthia
joy,sounds interesting wish learned hobby
neutral,eight
anger,got carried away made fool laughing
anger,irishman mr macsharry furious mr delors interference resigned post
neutral,talk
joy,like love today
joy,wait pictures come excited see
neutral,every country face history
neutral,course know notice house price skyrocketing
anger,might enjoy stupid game
anger,girlfriend started singing cannot sing stop despite asking
fear,driving dusty road night driver tried overtake big truck find another big truck parked right front
joy,yes richard eyes baby even looks like richard
sadness,lost job boss told
sadness,heard friend died accident group situation suddenly friend came said already heard terrible consternation silence everybody shouted excitedly could happen
neutral,go fix
anger,say even let us check personal email work
fear,caught something supposed something person caught bribe even though promised report still frightened
anger,september forced live someone like first week loggerheads conversation like debate atmosphere bad learnt got marks test told failure lost marks angry marks lower could tolerate pride show discontentment carried work
joy,sniffily dismayed delight consumerism sheep like attitude reactionary rubbish papers
anger,cars thinking buying car
anger,slandered friends
fear,goodbye farewell long
neutral,full
fear,really flap interview
neutral,get changed
joy,wide delighted smile really expected ever see teased following
sadness,lost father car accident
neutral,hmm women usually work get married
sadness,saw father beating small child
joy,would love hear birds singing feel fresh breeze face wind blows city get dust mouth eyes
sadness,brother died
anger,weeks back hurry leave house left things lying around something never uncle lives us live joint family remarked always things like really got mad
joy,salesmen still tramping aisles carriages shouting excited chatter crowd squawking chickens bleating goats
joy,idea preposterous overjoyed see believed
joy,participants folk dance certainly show elation
sadness,looked lugubrious face pale athelstan saw tear stained
neutral,yes sir
anger,done
joy,learnt accepted medical school
fear,felt fear one night aunt uncle left alone house look baby went party
joy,found mother cancer
fear,going nkhoma last saturday vehicle moving fast feared might crash since road rough
fear,could find way college building night
joy,excitement shone eyes showed sketches
sadness,bad li hong sorry go see mrs brown tomorrow morning mother ill must take care
joy,children
neutral,john find anywhere
joy,day got letter informing awarded junior research fellowship
sadness,best friend could get university
neutral,details
sadness,refused may feel saddened disappointed inconvenienced self concept shattered
anger,angry separated jeanne modigliani spent much time drinking windowless little bar local artists met drank ran debts
fear,inter college basket ball match
anger,low resentful voice cullam said sick
anger,felt angry failed exam knew quite things deserve plucked
anger,friend girl promised help go hospital examined good experts deceived
joy,preached students gospel camp thus knew god made minds believe jesus
fear,say something pray person hear
fear,korean war attacked mortars companion stopped jeep ran cover fortunately neither us hit came close killed
joy,st birthday celebration cut cake received presents
anger,boss enrolled course satisfy ends trample associates misfortune one superiors course
anger,strangely felt resentful lady peremptory commands ever merchants wives previously obliged swallow
sadness,got phone boyfriend always getting upset losing temper nothing hard talk times
sadness,sad heard death teacher taught standard
sadness,know know fault feel awful study cheated got caught
fear,nothing happened really thought anything would although nervous tingle fingers
anger,somebody wanted beat brother wedding ceremony trying protect brother man calling names us
sadness,grandfather died extremely sad however family members special feelings said already years old
joy,great idea best season tourists florida also get good sun tan
sadness,pessimistic realistic chemistry bad
fear,getting back results test school worked hard worried succeeding
fear,tomorrow christmas bought mom anything bad son
anger,lovely girlfriend double crossed found chatting another guy
sadness,terrible sorry seem mislaid mp
anger,freeze police put hands head
joy,felt joy boyfriend proposed marriage
fear,age one gain concept known common sense
fear,afraid first boyfriend threatened make end relationship love enough loved much
anger,blamed attributes often misunderstood especially one frank
anger,bed sheet present parents damaged roommate
anger,failed exam unfairly
fear,watching gshore series day never wanted put loadsa tan hit club pull lads much life
joy,dear lord stupid thought scarlet saw camille respond surprised gratification matador bull blindly turned flank
anger,get
joy,relaxing taking walk country air fresh clean
anger,people resprcting opinion
sadness,rather disappointed able see best friend
anger,dare speak like
joy,elder sister baby girl first girl family years baby boys
fear,nothing hurts ndamukong suh worse taking away loves put quarterbacks sunday lions
sadness,disease subsequent death close acquaintance sadness accompanied feelings powerlessness also experienced sadness situation described guilt
joy,discovered friend would licensed first call emotion accompanied great relief coronation year sacrifice extrene discipline
fear,think based belief even lose life lose physical life useitdontuseit
anger,trouser zipper open public wedding
joy,thought failed examination informed mark saw passed
sadness,drives terrible today kept slicing ball roughs sand traps
anger,years raise time like work reflected pay feel
fear,birds made nests thatched roof flying flapping wings bedroom night dark could even see nose know birds till mother told
anger,fact come mention little bit peeved
anger,felt angry heard sister failed examinations hoped going pass distinctions
anger,pot calling kettle black wearing pants right
neutral,cheese
fear,introducing first tutorial year university
anger,would convenient might well ask fix electrical wiring circuit breakers keep going time really annoying
fear,last time walked lane anxious susan notice much
anger,room mates watching video tapes prevented watching news first feeling treated unfairly came feeling anger
sadness,cut run car searching long time found lying kerb rather shocked angry driver
neutral,believe
sadness,suspected elizabeth miserable dreary village sawbones dishonest unlikeable pretend sister law
sadness,yes really weak maps poorly high school
sadness,bankrupt
neutral,get loan bank know lpf program provides low cost loans participants home purchases
sadness,awfully sorry think would mind much
joy,delight animals skill management
anger,told dana could longer bear atmosphere city right wing bullies falangists deadening work teaching mostly bored resentful students
anger,think friend billy fellow commandos bit peeved find horse bolted speak
fear,th standard going native place last bus already left started walking soon became quite dark road village road deserted even sure right way finally reached home
anger,misunderstood friends
fear,passenger vehicle travelling steep side arthur pass middle sleet storm icy roads sheer chasms one side sheer face
neutral,promised help sure help man word
anger,really reason star cross
joy,wow sound like going fun
sadness,class mate died two months coma car accident
neutral,giants
joy,right
neutral,hi mark
anger,exasperation taking long
sadness,talked boyfriend phone high spirits lot tell looking forward conversation listen extent anticipated
joy,sitting exam biochemistry excited supplementary examination passed exam well glad recovered selfconfidence
sadness,oh hi matt went snowboarding yesterday whole body aches
sadness,passing away mum
fear,age years always take care little brother sister never could sleep always imagined creepy men sneaking house
sadness,nephew taken hospital meningitis know would happen
anger,wife told refrigerator stopped working
sadness,decide termination pregnancy discussing friends family man involved
joy,learn dance
anger,know plans made plans mark problem
fear,tutorial fearful feeling came sat chair looked fellow students around really scared would ask questions challenge ideas presented
sadness,got laid awful business know
anger,often feeling bereaved find difficult acknowledge anger dead person abandoning face world alone
anger,shut think make fortunes look squabble
fear,learnt girl impregnated hospital verge dying refused accept responsibility pregnancy wanted commit suicide
fear,friend mine gave birth child dangerous delivery afraid baby
anger,resent
fear,camping mountains friend went walk getting darker darker sure right way back
sadness,grandfather died lived almost recluse caring well dad helped much could save unexpected death second de facto wife lucky jailed
fear,department health aware disquiet among dentists
sadness,sheila williams feeling miserable
fear,comme au match aller un cska sans nie subit la loi des lillois jusque dans les derni res minutes ldc losc
fear,first time realized meaning death
sadness,sorry know
anger,always get angry somebody deceives tries conceal lie skilfully offends even
fear,really afraid bipolar problems self harm cutting
joy,good result certificate examination
joy,guinness particularly pleased employees participate programmes matched giving schemes
neutral,sucks
joy,speeches yet greeted ecstatic cries author author probably denis healey clash rival socialist philosophies less cacaphonous
anger,call hate sending sms messages
neutral,make stars com deadline us running next week
neutral,excuse screen near steering wheel
fear,frightened report
joy,delight first makes evident solo lise even though technical mistakes keep happening
anger,think anyway believe way boss ordering everyone around lately mean like ceo anything
fear,fear paralysing would accepted god believed morally bankrupt becoming christian realising christ came free us sin forgive us
fear,saw tv stand smelled like combination shame tch thinks wearing
anger,others let fail keep agreements
neutral,weatherman predictions accurate rain tomorrow
fear,value source know god knows lord job rccatlbible
neutral,movie theater always crowded weekends like go movies week
joy,actually expecting baby come birthday
neutral,stop
anger,ever bother write landlady asked gravely vexed insulted
sadness,christian cannot find meaning life seems deceiving cannot find way
joy,day finished military service
neutral,three days
joy,robert stephenson john met week delay amused story triumph rhyll
sadness,sorry still going got reservations us st ok trust
neutral,know three dollars milk
joy,yes deborah going buy new home woodlawn
anger,friend mine promised come cinema come
fear,child afraid big dogs one day came home big dog laying front door frightened dare enter door waited somebody passed
fear,modigliani plagued anxious difficulty finding models one found waited state tension fear let
neutral,honey
neutral,positive
joy,fell head ears love someone appeared love made happy could hardly sleep eat one week
fear,drattai know many take cancer diagnosis lightly much uncertainty anxiety bcsm
anger,stolen bottle rum person knows well threatened call police pay shillings
fear,mother seriously ill admitted hospital
neutral,teacher
fear,walking home dark college
fear,drinking soft drink impression swallowing piece glass went district hospital got admitted
joy,happy smile
anger,annoyed uncle drunk beating old father claimed father responsible guardian failure
sadness,sorry car taken
neutral,actually business trip successful arrived time nice conversations settled important issues next year
neutral,sure
sadness,harry released expression downcast
joy,seconds victor
sadness,clinton taking reins power disconsolate president bush flew back washington make arrangements handover
neutral,part timer new buzzword
neutral,usually go movies
anger,got message quiting
anger,arriving home work long tiring day find dinner prepared expected
fear,school raided pupils boys secondary school beat us
anger,insulted reason
anger,friend speak tell
anger,let go next morning
fear,boy phoned night wanted talk minutes outside thought would reveal felt would question relationship treated friend want misunderstandings therefore refused meet told would see coming day unhappy feared hurt got trouble
fear,portsmouth lily lee creatively amplifies passage machiavelli prince inscribing chilling statement bold agitated hand
anger,saw movie block affluence poverty existed saw rich made attempts help poor
sadness,brother came tell problems family felt sad thought mother gone away brother younger things would different
joy,fell love overnight felt confidence self esteem responsible worthwhile
neutral,guess right shall feel like sitting home
joy,delighted taken another ride another car little boy chuckled
fear,thank guys support playing either come watch favorite team
joy,admitted university
fear,taking exam
joy,nice meeting
sadness,dad passed away
anger,anxious find sellers say counter offer
anger,conversation boyfriend expressed definite quite pretentious opinions took attitude towards theory never known information fortuitous sources
anger,someone threw firecracker room morning
neutral,cigarette
neutral,weeks
fear,dark unreal figure formed shadow
neutral,well going
fear,toocrazyfox people blacksheep also scared shadows one lurks darkness mystery
fear,afraid darkness
fear,commercial ethic meant deterioration standards cutbacks overseas news department one glories bush house caused much dismay public communications world
joy,sir writing say delighted magazine
fear,loneliness cause bad effect least expect lowest tolerance want reading
sadness,leave den helder friends acquaintences spend two weeks friends
fear,overturned canoe years back know swim although life jacket still panicked
joy,boyfriend getting dressed putting make go halloween party dressing two mimes enjoyable thought looked really good accomplishment alone house
fear,begins countdown possibility almost new life
fear,promise get angry
joy,congratulations vivian grand prize
anger,subject false accusations got angry
fear,riding fastly driven car lose metal road late hour cars road driver taking corners sharply felt afraid accident happened area isolated also feared driver dropped would make home safely
anger,charged movie never ordered
anger,argument friends one accused taking advantage friends usually come university car saying ask much money petrol
anger,mother friends speaking badly father separated brothers sisters allowed listen
sadness,physics experiment session understand content experiment know
anger,saw younger sister bothered boy know
fear,attempted rape guys held arms behind back molested constantly threatening beat penetration occur driver car stopped
anger,elder brother often criticizes mother cooking impolitely lost temper made us sad angry scolded asked interfere buisness
anger,said good beer good music top many hot girls
anger,told something want
fear,parents horrified totally disgusted
joy,alain mother finally went inside rueful shakes head pleased look face jenna decided risk
anger,flight rome delayed passengers please wait lounge
fear,kid always opened door greet father came back work one day happened hair scattered due crowding train opened door usual saw something else scared could talk
joy,lord mayor delighted opportunity debate government health reforms
neutral,go
neutral,time
neutral,perhaps try three minutes date latest type
fear,sonny alarmed deathly pallor half sister face jumped trap driven furiously village doctor
joy,read newspaper morning found candidature number admission list chinese university satisfied happy cumulative anxiety disappeared wanted cry succeeded
joy,even romantic think loads fun
anger,shows annoyance intimidating facial expression backed sparse selection adjectival punctuation invariably using word uses considerable effect
anger,done talking
joy,let see capricorn says feeling stress work could see new exciting developments love life looks like interesting summers
sadness,day high bright salt tang seasoning pulse summer heat still hung air nothing could shift sense despondency nagging depression
joy,emotionally happy love girl longed
neutral,stebax gotta feel sing anyway said former girl child soloist good semi pro
anger,furuseth furious
sadness,times reveal certain despair present situation fact rather concerning
sadness,sorry hear
sadness,need come grips death first also need prepare eulogy case asked speak tomorrow
joy,time left
anger,brother held robbed
joy,worry call hanson ask help
fear,friend find love
joy,felt duty hospital understood afraid face death also helped little relieve pains patient
anger,girl left
anger,encountered father lack understanding also unwillingness understand parent far things proves right concerned
sadness,passing away father
joy,oh yes beautiful
joy,got engaged boy choice
joy,whatever want wants pleased things turned
sadness,sorry sir computer broken damaged simply old programs applications running slow really much
fear,doctor looked horrified
sadness,together family one night days father died conversation expressed displeasure nobody understands
joy,typical always wanting keep best things appreciate gift
fear,cycling school nearly got knocked car overtook closely give swerving space
joy,felt thrilled walking ground young thomson trodden long
anger,use complaining got enough money put
neutral,wait minutes want finish writing letter
anger,parents divorced father pays alimony two years ago sister lives father suddenly asked mother money considered amount money mother offered small brought action mother terribly angry sister
joy,athelstan gasped excitement went round rouse coroner
sadness,stayed bus
sadness,horrible
fear,mother come home midnight forgotten tell young alone home
anger,planned travel distance kilometres bike planned working hospital went house found friend taken bike without consent
fear,woke middle night felt frightened everyone else sleeping could even go room
sadness,wren grief stricken mother gives daughter possessions luna
anger,yeah yeah feel injustice financial irresponsibility big business stop show government like way spending tax dollars
neutral,john prison copped outstealing
neutral,boss
fear,looking job felt lot fear fear greater found
anger,court sounded almost indignant
joy,give try give call let go together
sadness,sorry help
joy,horses become excited upset something goes bit wrong harness chains ropes becoming entangled around feet
fear,went stairs high dark house full shadows passed door feeling someone something behind although knew alone
fear,biggest loosing please make ever face fear absolutely idea much mean
anger,charmed relatives
neutral,bingo
joy,renewed contact earlier friend
joy,gave birth child saw normal put breast
fear,one four ads insurance another sherwood two draw attention anxious patients particular service offered local solicitors
anger,getting worse eating house home tried talking goes one ear makes home fine really gets yesterday walked living room raw company last straw
anger,late work
sadness,sorry realize loud
joy,felt emotion name announced radio selected come school health sciences take training course medical assistat
joy,proprietress seemed delighted see
sadness,try keep lot gossip us
sadness,death grandfather
joy,china winning asian olympic games tv
anger,person age insisted call mister refused succumb persisted got angry belittled
fear,really frightened
fear,costly experiments teeth live dogs primates mention public disquiet animal testing might avoided delays reduced
anger,want take court arresting
joy,asked girlfriend marry
fear,happened originality everybody following trend nobody wants step box bitch
sadness,child passed away short illness eleven months old told death without knowing ill
joy,stumbling repetition masked growing delight basic error
neutral,live suburbs
neutral,know things changed guess settled
fear,training sub committee extremely concerned amount pressure trainers feel urgent need group people begin training
fear,fear sexual overtures close relative family
fear,broke window neighbouring house feared mother judgement action done
joy,feels good close another person
fear,afraid several times marked almost enter university
sadness,stress level pretty much usually
neutral,always depends transmission satellite signals
fear,slipped glazed frost road car almost ran
fear,raped went dark alley back house man pushed bushes fought back succeeded escape
sadness,sorry sir may see driver license insurance policy pls give ticket
joy,oh nice thank much
fear,please let dismay pro ford lobby colour judgement future road tests
sadness,got caught cheating feel ashamed teacher saw told failed
sadness,heartbroken football whole life
fear,get agitated
joy,happy difficult times could find support friend fiance happy spiritual moral help gave new power struggle happy felt soul
sadness,heard death closefriend mine gone camping shortly death whole thing seemed sudden
sadness,made sad hear construction company going build houses beautiful hills house
sadness,think probably never genuine contact parents
sadness,one closest friends failed make third year university
anger,topaz indignant fear dissipating
fear,sometime even talk kids give certain looks know exactly
fear,first oral examination long time especially one day examination feeling studied enough enough time make
neutral,froth
fear,nothing could wash away beastliness house horror sight phyllis henley body felt need try
sadness,sad hearing grandfather passed away
sadness,women wait anxiously boat returns one crew lost causing inconsolable grief young wife
neutral,certainly
sadness,half brother became seriously ill cancer died later
neutral,sick
fear,ambassador dithered benjamin stormed grasped frightened servant made take us clinton sitting lady francesca small bower built chateau wall
joy,returning campuses state excitement sensed victory authorities secure release arrested colleagues
fear,danger nearby
fear,two fierce eyes glared terror stricken sailors
joy,seem pleased something
sadness,bad leave thank
joy,think twice rides go every ride good time
anger,sheffield wednesday striker livid finding back bench minutes sent second half substitute norwich saturday
anger,brother went new shirt adored returned dirty grease
joy,unexpectedly met girl always got along well seen several months
fear,italian writer primo levi died april dismay readers
anger,together whole year vacation time two us
anger,least human talk deal says legal general michael payne trace exasperation
neutral,well day work
fear,economists feel deep disquiet use food grains produce motor spirit
joy,important moment volleyball game made point set much stronger competitor
sadness,child grass parakeet liked much legs crippled could move fast came room notice stepped days later died
anger,robbed bus
neutral,also want check video
joy,enjoy
anger,present boyfriend mother approached parents self leave son alone want future daughter law
neutral,yeah
sadness,crashed car scrapped fault feel depressed miss car
anger,felt stifled anger
joy,day boyfriend appeared home pair rings wedding
joy,gorengs made home former diplomatic quarter area glee chinese toku ru warehouse accidentally shelled malai navy invasion day
joy,agree
fear,feared pregnant planned would compelled abortion would liked fortunately week anxiety got know pregnant
neutral,helped
joy,thanks professor see later
anger,fight best friend
neutral,yeah cal ripen hit home run
fear,one year went camp chased dog tried hard finally managed escape torch suddenly went talked ghost stories thought ghosts
sadness,schoolmate went hospital brain bleeding fell unconscious three days went see saw miserable state family moreover could nothing sad finally died
joy,see ally mabel last night
fear,staying alone dark
anger,jane darling mad hate
fear,friend caught crocodile swimming river whose banks primary school situated friend caught banks river us still middle river frightened
joy,tingling excitement
anger,cousins playing home one broke decorative object precious
fear,perform gonna go far kid offspring next tour regrets twloha twloha
anger,saw young people fighting seats bus
anger,felt treated unjustly teacher
anger,even becoming angry travel arrangements go wrong hardly help
neutral,hello todd
fear,riding friend car driving fast suddenly another car crossed road front us friend turn car rapidly
fear,dougsloan people majority according gallup nationwide support legalizing marijuana dems racism closemindedness
sadness,busy year year done nothing
anger,according sheila caan enraged charged
fear,felt fear months ago losing person loved said love
sadness,depressed lonely people outside contacts counselling appear deepen feelings seeking alleviate especially early stages
anger,tried put tent years ago teased hindered cousin
joy,soon birthday today well come
anger,could reminded morning
fear,went home late one evening saw security lights got inside gate realized dogs may outside
fear,week higher level results announced tried failed many times last time taking exam knew failed woulld enter society imagined things period dreamt entered university nice experience thought future unexplainable fear rose feared worker bright prospect also feared criticism relatives brother gone university whenevr thought issue could eat concentrate heart beat increased
neutral,stand like got nothing else
joy,ok see later
joy,perfect like charming eyes
joy,time ago present wedding party two close friends mine
anger,well consider gone
fear,rex watched horror black claw tore bill left arm socket flung far street
fear,secondary school prefect framed case took deputy head master called head master threatened suspend
sadness,shifted melbourne brisbane old school friends gave party say good bye
joy,india prudential cup beating west indies final match became world cricket champion west indies strongest eight countries participated competition
sadness,feel helpless tried help someone without result
anger,people sitting outside saying things really true
joy,get excited brings home half price loo rolls stale cough sweets
sadness,silly
joy,sure get hang piece cake nothing worry
joy,happy mother day mom
sadness,watching sad film affected deeply
neutral,mary date john
joy,girlfriend far away came place saw ran know come see held shoulders standing behind
sadness,got argument someone abusive close friend later regretted
fear,concerned room must left durance would wished
anger,could lent paula said peeved
joy,experienced accepted medical higher institute
neutral,got class riding bicycle every day instead driving get lots exercise
joy,knew feelings beloved person
joy,scoring goal football match
fear,feel fear imagine could lose confidence abilities powers similar feeling feel sometimes exam
sadness,bathsheba watching expression closely never miserable
sadness,years old father travelled much work passed three months away home
joy,joyfull alive every night
joy,first time met boyfriend mr first term summer vacations met handing homework invited trip together till
sadness,yeah nauseous mostly nausea fever
anger,still feel quite peeved well really
anger,driving back managed keep anger control
fear,officialpwg great closer awesome night steenwolf still best hard top
fear,lock andand laughter key heart
sadness,brand afraid
anger,ever felt angry men moved write song
neutral,show like think goes back generations far
anger,know movie starts seven going meet theater five seven make sense meet apartment
fear,heard father found letter boyfriend calling talk
anger,absolute outrage sarah us government wants give billion dollars taxpayers money auto industry companies mismanaged nearly bankrupt
fear,bulls need complete signandtrade crawford sign bulter rest league sit back pull covers chins
anger,spending long time hair
fear,fear thief
sadness,death close relative
anger,infuriated charles ordered battering newgate artillery breached wall hit nearby carmelite house whitefriars museum civil war displayed supposedly killing two occupants
joy,saw good friend seen long time
joy,neil kinnock happy deputy spell commitment equality labour objective
fear,getting ill
joy,met girlfriend seeing several months saw discotheque like discotheques went knew would meet
fear,watching movie alone horror movie music deep pulsing type really music light flashed complete darkness movie theatre almost empty
sadness,oh doctor feel foolish
sadness,washing machine working
anger,lausanne switzerland ioc miffed baseball opened sport professionals olympics
fear,gary expression became even anxious
joy,watched race children saw run finish line screamed excitement
anger,someone took things without asked permission
neutral,sometimes human beings really done something wrong admit first
neutral,far
sadness,girl seeing want serious relationship
neutral,ah ah ah
sadness,asked girl date said
sadness,heard father passed away could eat week crying could find courage go bath
fear,sometimes prefer talk liar fraud sometimes people make feel afraid say everything truth
anger,really think business
joy,feelings exactly
fear,say sum bout behind back sum bout
joy,delighted pleased response
anger,hear love tender one time think going go crazy
fear,losing one softness heart hardening islam
anger,cousin mine took bottle tablets put water threw dust bin
neutral,anyone home jen
fear,trying board train missed footsteps fell platform
neutral,maybe busy work wait try think much
neutral,oh hey
sadness,yeah nothing clear test
anger,angry friends said receive nursing science books rumour intending leave college
sadness,told sorrow quit job passionately enjoyed
sadness,friends died one first died car accident second one recently due illness
joy,oh problem ok know happened
joy,well great nice something common
fear,wait married woman try kiss like
fear,arrived university knowing anybody
sadness,mother unjustly became angry sent room father explained way saw things correct done things best intentions
anger,talk
neutral,tomorrow
fear,well acrophobia chronic fear flying
sadness,dear hamster called hannes died age years shape forced mercy killing injection
joy,nick nice see
fear,man knife grabbed threatened holidays monze
neutral,ohio
neutral,thanks
joy,meeting new people good thing
joy,mum
sadness,virtual outlawing use ect states usa deprived suicidal depressed patients extremely effective sometimes life saving treatment
anger,acting like idiotic schoolgirl intelligent woman thought exasperation
joy,excited seeing sons
joy,passed successfully preliminary exam participation children assembly
anger,morrissey obviously peeved smiths continued existence relatively small cottage industry
neutral,mother finding one
fear,felt sat exam anatomy
joy,moved town study got postcard good friend home town
fear,fear appeared form jealousy afraid girl friend fallen love another man afraid lose
fear,entered dissection room first time exposed preserved dead human bodies
joy,could convince time anything bad could happen finally solved eating problems short time felt jubilant relieved ecstatic
sadness,want eat anything
sadness,uncle died saw funeral first time people stood around open grave cried
fear,also hate dentist heading wish strike lol brokentooth
anger,missed opportunity go abroad silly mistakes suffer lot
sadness,comparison felt drained despondent
anger,month get finalized things delayed
fear,intelligence puts man throne faith puts god
neutral,yes feel tired today
joy,hi martha everything perfect
sadness,thin brown man brass stud neck striped shirt sad expression point tears
fear,saw tv program north american military plan called startwar
joy,hey jane days
sadness,swear never drink give another chance please
neutral,maybe sold car tempted use
fear,walking countryside alone came across two dogs began barking know whether tied loose afraid approaching
sadness,earliest sparkling wines undoubtedly discovered accident probably trial error methods employed anguished winemakers ironically trying avoid nuisance fizzy wines
fear,every word comes mouth pray push away
anger,tell married
joy,million dollars
anger,wear skirt dress
anger,personal objects rearranged someone else without consent arranged taste trying find particular object rearranged hour
neutral,ask wanna involved quarrel
anger,well obviously good enough
joy,every time last days girlfriend told loves
joy,day told passed malawi school leaving exams selected go college
joy,cousin asked bridesmaid made really happy adopted family asking made realise saw cousin another person cousins could asked asked
joy,sure sounds great let go
joy,sister first child came home one week intensive care hospital
joy,really like
fear,driver licence drive long time started drive get hard transit highways
fear,president concerned loss jobs
anger,recent months growing number federal judges lawyers voiced exasperation america approach drugs
fear,father involved accident
sadness,afraid complete paper time
anger,auguste shot indignant glance
joy,began date boy till months ago
neutral,think bloody
neutral,ok
joy,son passed grade accepted form
fear,know every time see guy break cold sweat
joy,todd showed delight simple songs reverence invited pray
anger,friend tried back bite false grounds made wonder really good friend
joy,way france girlfriend went verona chance met italian couple gave us two tickets dress rehearsal aida different world us full fascination representation ate phantastic pizza restaurant near arena
anger,frau nordern allowed note exasperation
sadness,partly colored hair black mother like reproached subversive element later stated due friends see resulted colouring hair
anger,someone took pen away
neutral,yes going take university courses
fear,freak cockroach flew choir practice cockroach anything else cockroach
sadness,left boyfriend found another girl home nothing relieve situation
sadness,flora eyes downcast usually
anger,despite annoyance seeded baddeley even though present declined labour point afterwards
joy,sounds easy enough
neutral,thinking
anger,crying loud fast losing money
fear,ashley recoiled horror
sadness,really felt sad grandfather funeral long time suffering died cancer
neutral,sorry
neutral,must realized somebody
fear,shall fear name lord west glory rising sun kjv glory god
anger,felt anger friend met date become nervous pest always gets meets
sadness,get certain job lillehammer wanted much
joy,overwhelmed joy received acceptance letter university happened passed first year courses
sadness,primary father died young know happened weeping relatives tears made sad
joy,really convenient bluetooth
joy,friend mine period thinking pregnant
joy,arriving new zealand teenager first overseas trip something exhilarating change scenery etc
joy,hello steven congratulations
anger,tried introduce moved arrogant didin want ever talk
neutral,take long would shame take advantage lovely weather
joy,successful work full joy
fear,leo demanded wrenched back stare almost terror stricken face
joy,finding name list english lectures
joy,well thank case years old
anger,see talking stand sarcastic jokes anymore
anger,pc top line guarantee never freeze give money back
joy,studied much final examination school take additional examination french oral examination hard glad heard passed
joy,cool kind chinese painting prefer free sketch claborate style painting
anger,army treated unfairly superiors held responsible deed innocent
fear,midnight working alone office phone suddenly rang
joy,mungo felt elated smiling back
anger,starting student project teacher talked negative helpful
fear,felt fear fell broke leg pieces could feel
joy,joy heard take course medical assistant
sadness,sorry bad
joy,know got
sadness,bad realize late
joy,dog delighted last attention paid raced ahead scenting rabbits great tail pluming
neutral,time right moment
joy,received acceptance letter university come home work kind sister handed enveloppe opened overcome joy
sadness,sorry made disappointed
joy,pressed back wall panting excitement
joy,manual lying bmw think hint elation police would come intercepts
sadness,car fast
fear,way home one friday night heavy rain car acquaplanned lost contact road surface seconds
sadness,took exams expecting st class even though done well results came felt sad missed st class marks
neutral,sports
sadness,friends arranged go afternoon snack tell told phone number think true
fear,see fumbling rich delicate language experience horror seeing svres vase hands chimpanzee
anger,looked furious saw faces peering made frantic signs us close curtains
sadness,told friend friend committed suicide
anger,angry somebody stole half petticoat
neutral,hey
neutral,whats
joy,filled joy heard passed secondary school leaving certificate exam
anger,mother decided clean room throw thought junk without knowing returned home find half stuff gone
anger,argument friend mine behaviour towards another friend turned quarrel lost temper nearly knocked
anger,occasion assignment tasks responsibilities assignment dispropotionately carried high responsibility low ability organisation resolution
fear,voice story duty silenced fear misconception stand strong tides
joy,cool must amazing work bar
joy,great knew win
joy,remember specific event besides moderately happy year ago
anger,absolutely ridiculous
sadness,holidays coming able home afford airfare longing comforts home like mom cooking around family
neutral,hobbies besides playing chess
neutral,hot dog beer happened miss anything
joy,brother new zealand years came visit wife none family previously met
sadness,felt alone without love
anger,irina hung exasperation
sadness,wonder inconsolable prospect child returned london
fear,friend telling certain bird cries night sign someone die one night alone house heard cry bird afraid
anger,created monster better bayer
